lien_ecole_immeuble_id,NOM_OFFCL_ORGNS,NOM_IMM,municipalite,region_administrative,type_reseau_public,est_primaire,est_secondaire,nb_ordres_autorises
712335-712009,Centre d'éducation des adultes des Phares,CFA de Mont-Joli-Mitis,Mont-Joli,Bas-Saint-Laurent,Francophone,FALSE,FALSE,1
721301-721805,Centre d'éducation des adultes du Parcours-et-du-Tremplin,Le Tournant 3F,Dolbeau-Mistassini,Saguenay–Lac-Saint-Jean,Francophone,FALSE,FALSE,1
813304-813032,Centre d'éducation des adultes de Carleton-sur-mer - Matapédia,Saint-Paul (032),Maria,Gaspésie–Îles-de-la-Madeleine,Francophone,FALSE,FALSE,1
711106-711022,École Forimont,"Causapscal, secondaire de",Causapscal,Bas-Saint-Laurent,Francophone,FALSE,TRUE,1
723374-723038,Centre de formation générale des adultes des Rives-du-Saguenay,Centre de services La Baie,Saguenay,Saguenay–Lac-Saint-Jean,Francophone,FALSE,FALSE,1
724022-724012,École Notre-Dame-du-Sourire,Notre-Dame-du-Sourire,Saguenay,Saguenay–Lac-Saint-Jean,Francophone,TRUE,FALSE,2
865331-865033,Centre d'éducation des adultes des Patriotes,"Rocher, Le",Saint-Amable,Montérégie,Francophone,FALSE,FALSE,1
689318-689037,Centre d'éducation des adultes Gabriel-Dionne,Gabriel Dionne,Côte-Nord-du-Golfe-du-Saint-Laurent,Côte-Nord,Statut particulier,FALSE,FALSE,1
713002-713099,École Gérard-Collin,Gérard-Collin,Témiscouata-sur-le-Lac,Bas-Saint-Laurent,Francophone,TRUE,FALSE,2
713401-713012,Centre de formation professionnelle du Fleuve-et-des-Lacs,Cafétéria (Basley),Dégelis,Bas-Saint-Laurent,Francophone,FALSE,FALSE,1
714021-714850,École secondaire de Rivière-du-Loup,Unités le Traversier et l'Ancrage,Rivière-du-Loup,Bas-Saint-Laurent,Francophone,FALSE,TRUE,1
714402-714010,Centre de formation professionnelle Pavillon-de-l'Avenir,Centre de services de La Pocatière,La Pocatière,Bas-Saint-Laurent,Francophone,FALSE,FALSE,1
721301-721801,Centre d'éducation des adultes du Parcours-et-du-Tremplin,Conseil des Atikamekw d'Obedjiwan,Obedjiwan,Mauricie,Francophone,FALSE,FALSE,1
722111-722018,École Saint-Sacrement,Saint-Sacrement,Alma,Saguenay–Lac-Saint-Jean,Francophone,TRUE,FALSE,2
723144-723044,École Saint-David,Saint-David,Saint-David-de-Falardeau,Saguenay–Lac-Saint-Jean,Francophone,TRUE,FALSE,2
724046-724044,École le Tandem,"Tandem - Édifice Saint-Luc, le",Saguenay,Saguenay–Lac-Saint-Jean,Francophone,TRUE,FALSE,2
732013-732013,École des Écrivains,"Écrivains, des",Québec,Capitale-Nationale,Francophone,TRUE,FALSE,2
732159-732073,École Jean-de-Brébeuf,CFP de Limoilou,Québec,Capitale-Nationale,Francophone,FALSE,TRUE,1
733002-733063,École des Pionniers,Pavillon De La Salle,Saint-Augustin-de-Desmaures,Capitale-Nationale,Francophone,TRUE,FALSE,1
734004-734004,École de l'Harmonie,"Harmonie - Saint-Édouard, de l'",Québec,Capitale-Nationale,Francophone,TRUE,FALSE,2
734043-734043,École du Boisé,"Boisé 1, du",Québec,Capitale-Nationale,Francophone,TRUE,FALSE,2
735101-735006,École des Bourdons-et-Courval,"Bourdons, des",Neuville,Capitale-Nationale,Francophone,TRUE,FALSE,2
741022-741035,École primaire de l'Académie-Sportive,"Sports, des",Trois-Rivières,Mauricie,Francophone,TRUE,FALSE,2
741147-741085,École de Pointe-du-Lac,Notre-Dame,Trois-Rivières,Mauricie,Francophone,FALSE,FALSE,1
742039-742039,École Lac-à-la-Tortue,Pavillon Notre-Dame,Shawinigan,Mauricie,Francophone,TRUE,FALSE,2
742352-742033,Centre d'éducation des adultes du Saint-Maurice,"Sainte-Flore, de",Shawinigan,Mauricie,Francophone,FALSE,FALSE,1
742362-742036,École forestière de La Tuque - Éducation des adultes,Dominique-Savio,Shawinigan,Mauricie,Francophone,FALSE,FALSE,1
742451-742036,Carrefour Formation Mauricie formation professionnelle,Dominique-Savio,Shawinigan,Mauricie,Francophone,FALSE,FALSE,1
742461-742031,École forestière de La Tuque - Formation professionnelle,Saint-Paul,Shawinigan,Mauricie,Francophone,FALSE,FALSE,1
751036-751036,École Notre-Dame-de-Toutes-Aides et Saint-Pie-X,Notre-Dame-de-Toutes-Aides,Saint-Malo,Estrie,Francophone,TRUE,FALSE,2
751311-751079,Centre d'éducation des adultes de la Commission scolaire des Hauts-Cantons,"Audet, d'",Audet,Estrie,Francophone,FALSE,FALSE,1
752033-752138,École Sylvestre,Sylvestre,Sherbrooke,Estrie,Francophone,TRUE,FALSE,2
753005-753005,École Hamelin,Hamelin,Wotton,Estrie,Francophone,TRUE,FALSE,2
759004-759600,École Élémentaire Mémoriale Voyageur,Voyageur Memorial Elementary,Mistissini,Nord-du-Québec,Statut particulier,TRUE,FALSE,1
761011-761050,École de la Belle-Rive,"Belle-Rive, pavillon de la Pointe, de la",Montréal,Montréal,Francophone,TRUE,FALSE,2
761070-761003,École secondaire Daniel-Johnson,Daniel-Johnson,Montréal,Montréal,Francophone,FALSE,TRUE,1
762014-762338,École Saint-Donat,Saint-Donat,Montréal,Montréal,Francophone,TRUE,FALSE,2
762061-762309,École Saint-Bernardin,"Saint-Bernardin, annexe",Montréal,Montréal,Francophone,TRUE,FALSE,2
762110-762211,École La Petite-Patrie,"La Petite-Patrie, pav. Notre-Dame-de-la-Défense",Montréal,Montréal,Francophone,TRUE,FALSE,2
762156-762206,École Notre-Dame-de-Grâce,Notre-Dame-de-Grâce,Montréal,Montréal,Francophone,TRUE,FALSE,2
762262-762004,École Joseph-François-Perrault,Joseph-François-Perrault,Montréal,Montréal,Francophone,FALSE,TRUE,1
762349-762055,Centre Marie-Anne FGA,Marie-Anne,Montréal,Montréal,Francophone,FALSE,FALSE,1
763025-763109,École des Amis-du-Monde,"Amis-du-Monde, des",Côte-Saint-Luc,Montréal,Francophone,TRUE,FALSE,2
763129-763135,École L'Eau-Vive,"Eau-Vive, L'",Montréal,Montréal,Francophone,TRUE,FALSE,2
763243-763086,École Saint-Georges,Saint-Georges,Senneville,Montréal,Francophone,FALSE,TRUE,1
763310-763025,Centre d'éducation des adultes Outremont,CEA Outremont,Montréal,Montréal,Francophone,FALSE,FALSE,1
769302-783798,Centre d'éducation aux adultes et de la formation professionnelle Kajusivik,Établissement de détention d'Amos,Amos,Abitibi-Témiscamingue,Statut particulier,FALSE,FALSE,1
771057-771101,École des Trois-Saisons,"Trois-Saisons (édifice Lavictoire), des",Gatineau,Outaouais,Francophone,TRUE,FALSE,2
772032-772017,École de l'Amérique-Française,"Amérique-Française, de l'",Gatineau,Outaouais,Francophone,TRUE,FALSE,2
773021-773021,École du Sacré-Coeur,"Sacré-Coeur (Gatineau), du",Gatineau,Outaouais,Francophone,TRUE,FALSE,2
774307-774002,Centre d'éducation des adultes,Centre Saint-Joseph,Gracefield,Outaouais,Francophone,FALSE,FALSE,1
782010-782010,École Entre-Lacs,Entre-Lacs,Rouyn-Noranda,Abitibi-Témiscamingue,Francophone,TRUE,FALSE,2
783023-783076,École secondaire d'Amos,Pavillon La Forêt,Amos,Abitibi-Témiscamingue,Francophone,TRUE,TRUE,3
784007-784002,École institutionnelle Chanoine-Delisle,Pavillon Saint-Paul,Senneterre,Abitibi-Témiscamingue,Francophone,TRUE,FALSE,2
785001-785015,École Dagenais,Pavillon de Colombourg,Macamic,Abitibi-Témiscamingue,Francophone,TRUE,FALSE,1
791035-791035,École Bois-du-Nord,Bois-du-Nord,Baie-Comeau,Côte-Nord,Francophone,TRUE,FALSE,2
792047-792850,École Jean-du-Nord / Manikoutai,Centre de réadaptation de Sept-Îles,Sept-Îles,Côte-Nord,Francophone,FALSE,TRUE,1
801323-801001,Centre de formation générale des adultes de la Baie-James,Galinée,Matagami,Nord-du-Québec,Francophone,FALSE,FALSE,1
813029-813027,École des Découvertes,Des Découvertes,Saint-Siméon,Gaspésie–Îles-de-la-Madeleine,Francophone,TRUE,FALSE,2
821138-821038,École des Rayons-de-Soleil,"Rayons-de-Soleil, des",Saint-Damien-de-Buckland,Chaudière-Appalaches,Francophone,TRUE,FALSE,2
821329-821032,Centre d'éducation des adultes de Bellechasse,"Bon-Vent, du",Notre-Dame-Auxiliatrice-de-Buckland,Chaudière-Appalaches,Francophone,FALSE,FALSE,1
822036-822023,École institutionnelle Paul VI et du Saint-Nom-de-Marie,Du Saint-Nom-de-Marie,Sainte-Clotilde-de-Beauce,Chaudière-Appalaches,Francophone,TRUE,FALSE,2
823030-823030,École Notre-Dame de Lac-Etchemin,Notre-Dame de Lac-Etchemin,Lac-Etchemin,Chaudière-Appalaches,Francophone,TRUE,FALSE,2
823097-823097,École Curé-Beaudet,Curé-Beaudet,Saint-Éphrem-de-Beauce,Chaudière-Appalaches,Francophone,TRUE,FALSE,2
823337-823080,Centre d'éducation des adultes de Saint-Prosper et de Sainte-Justine,Kennebec,Saint-Côme–Linière,Chaudière-Appalaches,Francophone,FALSE,FALSE,1
823423-823023,Centre intégré de mécanique industrielle de la Chaudière,CIMIC,Saint-Georges,Chaudière-Appalaches,Francophone,FALSE,FALSE,1
824060-824004,École du Bac,"Bac, du",Saint-Lambert-de-Lauzon,Chaudière-Appalaches,Francophone,TRUE,FALSE,2
824170-824026,"École Étienne-Chartier, de l'Amitié",Étienne-Chartier,Saint-Gilles,Chaudière-Appalaches,Francophone,TRUE,FALSE,2
831001-831002,École Raymond,"Raymond, pavillon sud",Laval,Laval,Francophone,TRUE,FALSE,2
831054-831054,École Saint-Julien,Saint-Julien,Laval,Laval,Francophone,TRUE,FALSE,2
831114-831114,École Mont-de-La Salle,Mont-de-La Salle,Laval,Laval,Francophone,FALSE,TRUE,1
831350-831130,Centre d'éducation des adultes Les Berges,"Roseval, édifice",Laval,Laval,Francophone,FALSE,FALSE,1
831440-831126,École Polymécanique de Laval,"Centre administratif, édifice 1",Laval,Laval,Francophone,FALSE,FALSE,1
841020-841021,École Longpré,Longpré annexe,Repentigny,Lanaudière,Francophone,TRUE,FALSE,1
841119-841119,École Aux 4 Vents,Aux 4 Vents,Mascouche,Lanaudière,Francophone,TRUE,FALSE,2
842016-842016,École primaire Saint-Coeur-de-Marie,Saint-Coeur-de-Marie,Saint-Damien,Lanaudière,Francophone,TRUE,FALSE,2
842085-842085,École primaire Notre-Dame-de-la-Paix,Notre-Dame-de-la-Paix,Saint-Ambroise-de-Kildare,Lanaudière,Francophone,TRUE,FALSE,2
842401-842104,Centre multiservice des Samares,Pierre-de-Lestage,Berthierville,Lanaudière,Francophone,FALSE,FALSE,1
851219-851045,École Plateau Saint-Louis,"Plateau Saint-Louis, pavillon Plateau Saint-Louis",Blainville,Laurentides,Francophone,TRUE,FALSE,2
851286-851052,École des Moissons,"Moissons, des",Sainte-Anne-des-Plaines,Laurentides,Francophone,TRUE,FALSE,2
852010-852056,École polyvalente Saint-Jérôme,Polyvalente Saint-Jérôme,Saint-Jérôme,Laurentides,Francophone,FALSE,TRUE,1
852052-852012,École l'Oasis,Annexe Oasis,Lachute,Laurentides,Francophone,TRUE,FALSE,2
852402-852025,Centre Performance Plus,Annexe Performance Plus,Lachute,Laurentides,Francophone,FALSE,FALSE,1
854001-854050,École de la Madone et de la Carrière,"Carrière, de la",Mont-Laurier,Laurentides,Francophone,TRUE,FALSE,1
854302-854059,Centre d'éducation des adultes Christ-Roi,"Sacré-Coeur (Mont-Saint-Michel), du",Mont-Saint-Michel,Laurentides,Francophone,FALSE,FALSE,1
862002-862813,École secondaire Casavant,Pavillon Léo-Sansoucy,Saint-Hyacinthe,Montérégie,Francophone,FALSE,TRUE,1
862217-862036,École Saint-Thomas-d'Aquin,"Saint-Thomas-d'Aquin, Immeuble II",Saint-Hyacinthe,Montérégie,Francophone,TRUE,FALSE,2
863039-863039,École Alberte-Melançon,Alberte-Melançon,Saint-Paul-de-l'Île-aux-Noix,Montérégie,Francophone,TRUE,FALSE,2
864006-864006,École Carillon,Carillon,Longueuil,Montérégie,Francophone,TRUE,FALSE,2
864063-864103,École des Petits-Explorateurs,"Petits-Explorateurs, des",Longueuil,Montérégie,Francophone,TRUE,FALSE,2
864383-864068,Centre d'éducation des adultes Le Moyne-D'Iberville,"Remparts, spécialisée des",Longueuil,Montérégie,Francophone,FALSE,FALSE,1
864490-864108,Centre de formation professionnelle Pierre-Dupuy,CEFI,Longueuil,Montérégie,Francophone,FALSE,FALSE,1
865191-865055,École Le Sablier,Le Sablier,Saint-Amable,Montérégie,Francophone,TRUE,FALSE,2
865331-865015,Centre d'éducation des adultes des Patriotes,Paul-VI,Boucherville,Montérégie,Francophone,FALSE,FALSE,1
865331-865082,Centre d'éducation des adultes des Patriotes,"Amitié, de l'",Saint-Jean-Baptiste,Montérégie,Francophone,FALSE,FALSE,1
866016-866016,École Sainte-Cécile,Sainte-Cécile,Sainte-Cécile-de-Milton,Estrie,Francophone,TRUE,FALSE,2
866470-866060,Centre régional intégré de formation,Centre administratif,Granby,Estrie,Francophone,FALSE,FALSE,1
867055-867047,École Bonnier,Bonnier,Mercier,Montérégie,Francophone,FALSE,TRUE,1
867389-867026,Centre de formation générale aux adultes des Grandes-Seigneuries,Saint-Jean,Sainte-Catherine,Montérégie,Francophone,FALSE,FALSE,1
868006-868006,École Sacré-Coeur,Sacré-Coeur (Sainte-Martine),Sainte-Martine,Montérégie,Francophone,TRUE,FALSE,2
868303-868024,Centre de formation générale des adultes des Tisserands,Dominique-Savio,Salaberry-de-Valleyfield,Montérégie,Francophone,FALSE,FALSE,1
869008-869016,École de Coteau-du-Lac,Académie Wilson,Coteau-du-Lac,Montérégie,Francophone,TRUE,FALSE,1
871012-871041,École secondaire Jean-Nicolet,"Jean-Nicolet, secondaire",Nicolet,Centre-du-Québec,Francophone,FALSE,TRUE,1
872025-872059,École communautaire l'Eau Vive,Saint-Médard,Warwick,Centre-du-Québec,Francophone,TRUE,FALSE,1
872316-872066,Centre Monseigneur-Côté,"Le tandem (Albert-Morissette), secondaire",Victoriaville,Centre-du-Québec,Francophone,FALSE,FALSE,1
873016-873076,École Saint-Nicéphore,Collège Saint-Nicéphore,Drummondville,Centre-du-Québec,Francophone,TRUE,FALSE,2
873402-742100,Centre de formation professionnelle Paul-Rousseau,"Chutes, secondaire des",Shawinigan,Mauricie,Francophone,FALSE,FALSE,1
882004-882002,École de Shigawake--Port Daniel,Shigawake Port-Daniel School,Port-Daniel–Gascons,Gaspésie–Îles-de-la-Madeleine,Anglophone,TRUE,FALSE,2
882415-882014,Centre de formation professionnelle de Grosse-Île,Grosse-Île High School,Grosse-Île,Gaspésie–Îles-de-la-Madeleine,Anglophone,FALSE,FALSE,1
883303-883031,Centre d'Éducation Générale aux Adultes Eastern Townships,St. Francis,Richmond,Estrie,Anglophone,FALSE,FALSE,1
883402-883033,Centre de Formation  professionnelle de Lennoxville,Sutton,Sutton,Estrie,Anglophone,FALSE,FALSE,1
884350-884035,Centre de formation générale adulte ACCESS Cleghorn,"Régionale Centennial, secondaire",Longueuil,Montérégie,Anglophone,FALSE,FALSE,1
884450-884035,Centre de formation professionnelle ACCESS Cleghorn,"Régionale Centennial, secondaire",Longueuil,Montérégie,Anglophone,FALSE,FALSE,1
885158-885811,École primaire Laurentia,Laurentia Annex ES,Saint-Jérôme,Laurentides,Anglophone,TRUE,FALSE,2
886012-886015,École secondaire Saint-Michael,St. Michael,Low,Outaouais,Anglophone,FALSE,TRUE,1
887021-887013,Académie Leonardo-da-Vinci,Leonardo Da Vinci,Montréal,Montréal,Anglophone,TRUE,FALSE,2
887247-887862,Hôpital pour enfants Shriners,L'Hôpital Shriners pour Enfants,Montréal,Montréal,Anglophone,TRUE,TRUE,3
888040-888067,École primaire Westpark,Westpark,Dollard-des-Ormeaux,Montréal,Anglophone,TRUE,FALSE,2
888311-888025,Centre d'éducation des adultes Place Cartier,Beaconsfield High,Beaconsfield,Montréal,Anglophone,FALSE,FALSE,1
889499-889016,Centre de formation professionnelle Nova,Complexe Howard S. Billings,Châteauguay,Montérégie,Anglophone,FALSE,FALSE,1
