source_dataset,station_label,date,annee,mois_num,mois,jour,saison,max_temp,mean_temp
UlavalSSD::MeteoQuebec,Québec/Jean-Lesage,1970-01-01,1970,1,January,1,Hiver,-12.8,-16.1
UlavalSSD::MeteoQuebec,Québec/Jean-Lesage,1970-06-19,1970,6,June,19,Été,24.4,18.3
UlavalSSD::MeteoQuebec,Québec/Jean-Lesage,1970-12-05,1970,12,December,5,Hiver,-6.1,-8.9
UlavalSSD::MeteoQuebec,Québec/Jean-Lesage,1971-05-23,1971,5,May,23,Printemps,13.9,8.4
UlavalSSD::MeteoQuebec,Québec/Jean-Lesage,1971-11-08,1971,11,November,8,Automne,-1.7,-5.3
UlavalSSD::MeteoQuebec,Québec/Jean-Lesage,1972-04-25,1972,4,April,25,Printemps,5,0
UlavalSSD::MeteoQuebec,Québec/Jean-Lesage,1972-10-11,1972,10,October,11,Automne,13.3,6.7
UlavalSSD::MeteoQuebec,Québec/Jean-Lesage,1973-03-29,1973,3,March,29,Printemps,8.9,3.1
UlavalSSD::MeteoQuebec,Québec/Jean-Lesage,1973-09-14,1973,9,September,14,Automne,16.1,11.1
UlavalSSD::MeteoQuebec,Québec/Jean-Lesage,1974-03-02,1974,3,March,2,Printemps,-7.2,-10
UlavalSSD::MeteoQuebec,Québec/Jean-Lesage,1974-08-18,1974,8,August,18,Été,23.9,19.5
UlavalSSD::MeteoQuebec,Québec/Jean-Lesage,1975-02-03,1975,2,February,3,Hiver,-16.1,-20.9
UlavalSSD::MeteoQuebec,Québec/Jean-Lesage,1975-07-22,1975,7,July,22,Été,26.1,19.5
UlavalSSD::MeteoQuebec,Québec/Jean-Lesage,1976-01-07,1976,1,January,7,Hiver,-2.2,-7.5
UlavalSSD::MeteoQuebec,Québec/Jean-Lesage,1976-06-24,1976,6,June,24,Été,29.4,23.9
UlavalSSD::MeteoQuebec,Québec/Jean-Lesage,1976-12-10,1976,12,December,10,Hiver,-12.2,-20.6
UlavalSSD::MeteoQuebec,Québec/Jean-Lesage,1977-05-28,1977,5,May,28,Printemps,11,7.5
UlavalSSD::MeteoQuebec,Québec/Jean-Lesage,1977-11-13,1977,11,November,13,Automne,2.9,0.7
UlavalSSD::MeteoQuebec,Québec/Jean-Lesage,1978-05-01,1978,5,May,1,Printemps,6.3,0.9
UlavalSSD::MeteoQuebec,Québec/Jean-Lesage,1978-10-17,1978,10,October,17,Automne,6.9,2.3
UlavalSSD::MeteoQuebec,Québec/Jean-Lesage,1979-04-04,1979,4,April,4,Printemps,5,0.5
UlavalSSD::MeteoQuebec,Québec/Jean-Lesage,1979-09-20,1979,9,September,20,Automne,10.2,5.2
UlavalSSD::MeteoQuebec,Québec/Jean-Lesage,1980-03-07,1980,3,March,7,Printemps,-1.5,-6.7
UlavalSSD::MeteoQuebec,Québec/Jean-Lesage,1980-08-23,1980,8,August,23,Été,27.4,18.9
UlavalSSD::MeteoQuebec,Québec/Jean-Lesage,1981-02-08,1981,2,February,8,Hiver,-1.9,-4.8
UlavalSSD::MeteoQuebec,Québec/Jean-Lesage,1981-07-27,1981,7,July,27,Été,21.6,14.7
UlavalSSD::MeteoQuebec,Québec/Jean-Lesage,1982-01-12,1982,1,January,12,Hiver,-18.9,-22.5
UlavalSSD::MeteoQuebec,Québec/Jean-Lesage,1982-06-30,1982,6,June,30,Été,21.1,14.2
UlavalSSD::MeteoQuebec,Québec/Jean-Lesage,1982-12-16,1982,12,December,16,Hiver,0.9,-3.1
UlavalSSD::MeteoQuebec,Québec/Jean-Lesage,1983-06-03,1983,6,June,3,Été,22.3,14.7
UlavalSSD::MeteoQuebec,Québec/Jean-Lesage,1983-11-19,1983,11,November,19,Automne,-1.6,-4.8
UlavalSSD::MeteoQuebec,Québec/Jean-Lesage,1984-05-06,1984,5,May,6,Printemps,19.1,9.4
UlavalSSD::MeteoQuebec,Québec/Jean-Lesage,1984-10-22,1984,10,October,22,Automne,12.9,8.5
UlavalSSD::MeteoQuebec,Québec/Jean-Lesage,1985-04-09,1985,4,April,9,Printemps,-1.6,-5.2
UlavalSSD::MeteoQuebec,Québec/Jean-Lesage,1985-09-25,1985,9,September,25,Automne,18.3,13.1
UlavalSSD::MeteoQuebec,Québec/Jean-Lesage,1986-03-13,1986,3,March,13,Printemps,-2.8,-9.2
UlavalSSD::MeteoQuebec,Québec/Jean-Lesage,1986-08-29,1986,8,August,29,Été,16.7,10.6
UlavalSSD::MeteoQuebec,Québec/Jean-Lesage,1987-02-14,1987,2,February,14,Hiver,-19.1,-23.2
UlavalSSD::MeteoQuebec,Québec/Jean-Lesage,1987-08-02,1987,8,August,2,Été,25.1,16.8
UlavalSSD::MeteoQuebec,Québec/Jean-Lesage,1988-01-18,1988,1,January,18,Hiver,1.2,0.6
UlavalSSD::MeteoQuebec,Québec/Jean-Lesage,1988-07-05,1988,7,July,5,Été,27.5,21.4
UlavalSSD::MeteoQuebec,Québec/Jean-Lesage,1988-12-21,1988,12,December,21,Hiver,6.4,-2.8
UlavalSSD::MeteoQuebec,Québec/Jean-Lesage,1989-06-08,1989,6,June,8,Été,17.2,14.4
UlavalSSD::MeteoQuebec,Québec/Jean-Lesage,1989-11-24,1989,11,November,24,Automne,-8.8,-14.6
UlavalSSD::MeteoQuebec,Québec/Jean-Lesage,1990-05-12,1990,5,May,12,Printemps,17.6,8.7
UlavalSSD::MeteoQuebec,Québec/Jean-Lesage,1990-10-28,1990,10,October,28,Automne,7.4,3.4
UlavalSSD::MeteoQuebec,Québec/Jean-Lesage,1991-04-15,1991,4,April,15,Printemps,10.9,5.2
UlavalSSD::MeteoQuebec,Québec/Jean-Lesage,1991-10-01,1991,10,October,1,Automne,10.6,6.6
UlavalSSD::MeteoQuebec,Québec/Jean-Lesage,1992-03-18,1992,3,March,18,Printemps,-4.8,-11.6
UlavalSSD::MeteoQuebec,Québec/Jean-Lesage,1992-09-03,1992,9,September,3,Automne,16.3,12.7
UlavalSSD::MeteoQuebec,Québec/Jean-Lesage,1993-02-19,1993,2,February,19,Hiver,-11.6,-17.5
UlavalSSD::MeteoQuebec,Québec/Jean-Lesage,1993-08-07,1993,8,August,7,Été,25.5,18.5
UlavalSSD::MeteoQuebec,Québec/Jean-Lesage,1994-01-23,1994,1,January,23,Hiver,-18.6,-23.4
UlavalSSD::MeteoQuebec,Québec/Jean-Lesage,1994-07-11,1994,7,July,11,Été,24.3,18.3
UlavalSSD::MeteoQuebec,Québec/Jean-Lesage,1994-12-27,1994,12,December,27,Hiver,-4.4,-9.9
UlavalSSD::MeteoQuebec,Québec/Jean-Lesage,1995-06-14,1995,6,June,14,Été,21.7,16.5
UlavalSSD::MeteoQuebec,Québec/Jean-Lesage,1995-11-30,1995,11,November,30,Automne,-9.4,-13.1
UlavalSSD::MeteoQuebec,Québec/Jean-Lesage,1996-05-17,1996,5,May,17,Printemps,19.9,14
UlavalSSD::MeteoQuebec,Québec/Jean-Lesage,1996-11-02,1996,11,November,2,Automne,3.4,-0.8
UlavalSSD::MeteoQuebec,Québec/Jean-Lesage,1997-04-20,1997,4,April,20,Printemps,7.9,4.3
UlavalSSD::MeteoQuebec,Québec/Jean-Lesage,1997-10-05,1997,10,October,5,Automne,20.1,14.8
UlavalSSD::MeteoQuebec,Québec/Jean-Lesage,1998-03-23,1998,3,March,23,Printemps,-2.5,-5.4
UlavalSSD::MeteoQuebec,Québec/Jean-Lesage,1998-09-08,1998,9,September,8,Automne,14,12.8
UlavalSSD::MeteoQuebec,Québec/Jean-Lesage,1999-02-24,1999,2,February,24,Hiver,-4.9,-14
UlavalSSD::MeteoQuebec,Québec/Jean-Lesage,1999-08-12,1999,8,August,12,Été,24.8,20
UlavalSSD::MeteoQuebec,Québec/Jean-Lesage,2000-01-28,2000,1,January,28,Hiver,-13.5,-15.9
UlavalSSD::MeteoQuebec,Québec/Jean-Lesage,2000-07-15,2000,7,July,15,Été,25.9,21.1
UlavalSSD::MeteoQuebec,Québec/Jean-Lesage,2000-12-31,2000,12,December,31,Hiver,0.1,-2.4
UlavalSSD::MeteoQuebec,Québec/Jean-Lesage,2001-06-18,2001,6,June,18,Été,24.3,17.7
UlavalSSD::MeteoQuebec,Québec/Jean-Lesage,2001-12-04,2001,12,December,4,Hiver,4.8,2.8
UlavalSSD::MeteoQuebec,Québec/Jean-Lesage,2002-05-22,2002,5,May,22,Printemps,19.4,10.6
UlavalSSD::MeteoQuebec,Québec/Jean-Lesage,2002-11-07,2002,11,November,7,Automne,-0.2,-7.7
UlavalSSD::MeteoQuebec,Québec/Jean-Lesage,2003-04-25,2003,4,April,25,Printemps,5.4,2.1
UlavalSSD::MeteoQuebec,Québec/Jean-Lesage,2003-10-11,2003,10,October,11,Automne,22.8,14
UlavalSSD::MeteoQuebec,Québec/Jean-Lesage,2004-03-28,2004,3,March,28,Printemps,2.1,-0.3
UlavalSSD::MeteoQuebec,Québec/Jean-Lesage,2004-09-13,2004,9,September,13,Automne,16.5,10.6
UlavalSSD::MeteoQuebec,Québec/Jean-Lesage,2005-03-01,2005,3,March,1,Printemps,-3.3,-4.6
UlavalSSD::MeteoQuebec,Québec/Jean-Lesage,2005-08-17,2005,8,August,17,Été,21.2,14.7
UlavalSSD::MeteoQuebec,Québec/Jean-Lesage,2006-02-02,2006,2,February,2,Hiver,-2.2,-3.7
UlavalSSD::MeteoQuebec,Québec/Jean-Lesage,2006-07-21,2006,7,July,21,Été,27.7,22.4
UlavalSSD::MeteoQuebec,Québec/Jean-Lesage,2007-01-06,2007,1,January,6,Hiver,6,3.9
UlavalSSD::MeteoQuebec,Québec/Jean-Lesage,2007-06-24,2007,6,June,24,Été,23.8,16.5
UlavalSSD::MeteoQuebec,Québec/Jean-Lesage,2007-12-10,2007,12,December,10,Hiver,-9,-14.6
UlavalSSD::MeteoQuebec,Québec/Jean-Lesage,2008-05-27,2008,5,May,27,Printemps,14.3,9.2
UlavalSSD::MeteoQuebec,Québec/Jean-Lesage,2008-11-12,2008,11,November,12,Automne,4.5,0.4
UlavalSSD::MeteoQuebec,Québec/Jean-Lesage,2009-04-30,2009,4,April,30,Printemps,18.6,8.9
UlavalSSD::MeteoQuebec,Québec/Jean-Lesage,2009-10-16,2009,10,October,16,Automne,6.8,1.8
UlavalSSD::MeteoQuebec,Québec/Jean-Lesage,2010-04-03,2010,4,April,3,Printemps,25.9,13.8
UlavalSSD::MeteoQuebec,Québec/Jean-Lesage,2010-09-19,2010,9,September,19,Automne,18.9,13.2
UlavalSSD::MeteoQuebec,Québec/Jean-Lesage,2011-03-07,2011,3,March,7,Printemps,-4.3,-10.1
UlavalSSD::MeteoQuebec,Québec/Jean-Lesage,2011-08-23,2011,8,August,23,Été,19.8,14.3
UlavalSSD::MeteoQuebec,Québec/Jean-Lesage,2012-02-08,2012,2,February,8,Hiver,-5.2,-14.5
UlavalSSD::MeteoQuebec,Québec/Jean-Lesage,2012-07-26,2012,7,July,26,Été,25.4,20.9
UlavalSSD::MeteoQuebec,Québec/Jean-Lesage,2013-01-11,2013,1,January,11,Hiver,-1.4,-7.5
UlavalSSD::MeteoQuebec,Québec/Jean-Lesage,2013-06-29,2013,6,June,29,Été,16.9,14.4
UlavalSSD::MeteoQuebec,Québec/Jean-Lesage,2013-12-15,2013,12,December,15,Hiver,-11.3,-13.1
UlavalSSD::MeteoQuebec,Québec/Jean-Lesage,2014-06-02,2014,6,June,2,Été,26.2,18.2
UlavalSSD::MeteoQuebec,Québec/Jean-Lesage,2014-11-18,2014,11,November,18,Automne,1,-2.1
UlavalSSD::MeteoQuebec,Québec/Jean-Lesage,2015-05-06,2015,5,May,6,Printemps,20.1,10.3
UlavalSSD::MeteoQuebec,Québec/Jean-Lesage,2015-10-22,2015,10,October,22,Automne,11.5,7
UlavalSSD::MeteoQuebec,Québec/Jean-Lesage,2016-04-08,2016,4,April,8,Printemps,4.5,1.2
UlavalSSD::MeteoQuebec,Québec/Jean-Lesage,2016-09-24,2016,9,September,24,Automne,14.1,7.9
UlavalSSD::MeteoQuebec,Québec/Jean-Lesage,2017-03-12,2017,3,March,12,Printemps,-11.1,-15.1
UlavalSSD::MeteoQuebec,Québec/Jean-Lesage,2017-08-28,2017,8,August,28,Été,24.1,14.9
UlavalSSD::MeteoQuebec,Québec/Jean-Lesage,2018-02-13,2018,2,February,13,Hiver,-8.3,-13.9
UlavalSSD::MeteoQuebec,Québec/Jean-Lesage,2018-08-01,2018,8,August,1,Été,27.9,20.9
UlavalSSD::MeteoQuebec,Québec/Jean-Lesage,2019-01-17,2019,1,January,17,Hiver,-19,-23.4
UlavalSSD::MeteoQuebec,Québec/Jean-Lesage,2019-07-05,2019,7,July,5,Été,29.4,22.7
UlavalSSD::MeteoQuebec,Québec/Jean-Lesage,2019-12-21,2019,12,December,21,Hiver,-10.2,-13.7
UlavalSSD::MeteoQuebec,Québec/Jean-Lesage,2020-06-07,2020,6,June,7,Été,19,13.9
UlavalSSD::MeteoQuebec,Québec/Jean-Lesage,2020-11-23,2020,11,November,23,Automne,1.4,-0.1
UlavalSSD::MeteoQuebec,Québec/Jean-Lesage,2021-05-11,2021,5,May,11,Printemps,9.3,6
UlavalSSD::MeteoQuebec,Québec/Jean-Lesage,2021-10-27,2021,10,October,27,Automne,11.5,8.1
UlavalSSD::MeteoQuebec,Québec/Jean-Lesage,2022-04-14,2022,4,April,14,Printemps,5.5,4
UlavalSSD::MeteoQuebec,Québec/Jean-Lesage,2022-09-30,2022,9,September,30,Automne,16.6,8.6
UlavalSSD::MeteoQuebec,Québec/Jean-Lesage,2023-03-18,2023,3,March,18,Printemps,2.2,-1.5
UlavalSSD::MeteoQuebec,Québec/Jean-Lesage,2023-09-03,2023,9,September,3,Automne,25.9,20.7
UlavalSSD::MeteoQuebec,Québec/Jean-Lesage,2024-02-19,2024,2,February,19,Hiver,-7.5,-12.2
UlavalSSD::MeteoQuebec,Québec/Jean-Lesage,2024-08-06,2024,8,August,6,Été,23.2,16.8
UlavalSSD::MeteoQuebec,Québec/Jean-Lesage,2025-01-22,2025,1,January,22,Hiver,-13.4,-22.1
