date,station_id,station_name,contaminant,n_heures_valides,moyenne,mediane,p95,maximum,source_year
2025-01-01,10200,Radisson,PM2.5-T640,24,0.215,0.172,0.43,0.514,2025
2025-01-04,10200,Radisson,PM2.5-T640,24,5.175,4.628,12.77,13.629,2025
2025-01-07,10200,Radisson,PM2.5-T640,24,2.535,2.372,4.014,6.435,2025
2025-01-10,10200,Radisson,PM2.5-T640,24,0.649,0.675,0.811,0.885,2025
2025-01-13,10200,Radisson,PM2.5-T640,24,2.221,2.339,4.198,4.532,2025
2025-01-16,10200,Radisson,PM2.5-T640,24,0.959,0.87,1.731,1.952,2025
2025-01-19,10200,Radisson,PM2.5-T640,24,3.916,3.791,5.38,5.52,2025
2025-01-22,10200,Radisson,PM2.5-T640,24,1.4,1.341,1.852,1.878,2025
2025-01-25,10200,Radisson,PM2.5-T640,24,1.127,0.768,3.781,5.708,2025
2025-01-29,10200,Radisson,PM2.5-T640,24,2.916,2.786,3.643,3.736,2025
2025-02-01,10200,Radisson,PM2.5-T640,24,1.777,1.576,3.208,3.308,2025
2025-02-04,10200,Radisson,PM2.5-T640,24,4.476,4.165,7.489,8.243,2025
2025-02-07,10200,Radisson,PM2.5-T640,24,5.094,4.541,11.205,11.316,2025
2025-02-10,10200,Radisson,PM2.5-T640,24,4.897,4.877,5.854,6.317,2025
2025-02-13,10200,Radisson,PM2.5-T640,24,3.291,3.024,4.03,4.18,2025
2025-02-16,10200,Radisson,PM2.5-T640,24,2.695,2.725,3.046,3.268,2025
2025-02-19,10200,Radisson,PM2.5-T640,24,1.68,1.664,2.288,2.385,2025
2025-02-22,10200,Radisson,PM2.5-T640,24,1.558,0.885,3.538,3.88,2025
2025-02-25,10200,Radisson,PM2.5-T640,24,4.15,3.307,6.082,6.165,2025
2025-02-28,10200,Radisson,PM2.5-T640,24,3.483,3.498,3.785,3.807,2025
2025-03-03,10200,Radisson,PM2.5-T640,24,1.896,1.879,2.386,2.617,2025
2025-03-06,10200,Radisson,PM2.5-T640,24,1.007,0.82,2.159,2.216,2025
2025-03-09,10200,Radisson,PM2.5-T640,24,0.714,0.712,0.904,0.914,2025
2025-03-12,10200,Radisson,PM2.5-T640,24,0.914,0.932,1.113,1.118,2025
2025-03-15,10200,Radisson,PM2.5-T640,24,2.344,1.605,5.576,6.798,2025
2025-03-18,10200,Radisson,PM2.5-T640,24,1.216,1.169,1.464,1.522,2025
2025-03-22,10200,Radisson,PM2.5-T640,24,3.393,3.196,4.31,4.447,2025
2025-03-25,10200,Radisson,PM2.5-T640,24,2.568,2.528,3.65,3.784,2025
2025-03-28,10200,Radisson,PM2.5-T640,24,2.961,2.845,3.381,3.428,2025
2025-03-31,10200,Radisson,PM2.5-T640,24,2.242,2.216,2.527,2.631,2025
2025-04-03,10200,Radisson,PM2.5-T640,24,2.046,2.007,2.479,2.53,2025
2025-04-06,10200,Radisson,PM2.5-T640,24,2.064,1.922,2.862,3.216,2025
2025-04-09,10200,Radisson,PM2.5-T640,24,2.074,1.95,2.831,2.891,2025
2025-04-12,10200,Radisson,PM2.5-T640,24,2.653,2.753,2.872,2.982,2025
2025-04-15,10200,Radisson,PM2.5-T640,24,2.989,2.807,4.178,4.231,2025
2025-04-18,10200,Radisson,PM2.5-T640,24,1.407,1.408,2.203,2.212,2025
2025-04-21,10200,Radisson,PM2.5-T640,24,1.253,1.227,1.515,1.582,2025
2025-04-24,10200,Radisson,PM2.5-T640,24,1.122,1.103,1.277,1.285,2025
2025-04-27,10200,Radisson,PM2.5-T640,24,2.359,2.278,2.717,2.861,2025
2025-04-30,10200,Radisson,PM2.5-T640,24,1.601,1.677,2.022,2.101,2025
2025-05-03,10200,Radisson,PM2.5-T640,24,2.364,2.607,2.759,2.92,2025
2025-05-06,10200,Radisson,PM2.5-T640,24,2.306,2.628,2.735,2.845,2025
2025-05-09,10200,Radisson,PM2.5-T640,24,2.481,2.467,2.987,3.07,2025
2025-05-13,10200,Radisson,PM2.5-T640,24,2.797,2.552,5.57,5.641,2025
2025-05-16,10200,Radisson,PM2.5-T640,24,2.036,1.655,3.551,3.687,2025
2025-05-19,10200,Radisson,PM2.5-T640,24,1.648,1.504,2.46,2.644,2025
2025-05-22,10200,Radisson,PM2.5-T640,24,2.146,2.164,2.54,2.615,2025
2025-05-25,10200,Radisson,PM2.5-T640,24,1.737,1.672,2.492,2.53,2025
2025-05-28,10200,Radisson,PM2.5-T640,24,3.806,3.81,4.289,4.306,2025
2025-05-31,10200,Radisson,PM2.5-T640,24,1.418,1.349,2.097,2.204,2025
2025-06-03,10200,Radisson,PM2.5-T640,24,12.369,5.304,38.175,42.297,2025
2025-06-06,10200,Radisson,PM2.5-T640,24,2.338,1.946,4.353,4.659,2025
2025-06-09,10200,Radisson,PM2.5-T640,24,25.056,18.673,49.502,52.347,2025
2025-06-12,10200,Radisson,PM2.5-T640,24,1.795,1.7,2.826,3.086,2025
2025-06-15,10200,Radisson,PM2.5-T640,24,1.015,0.933,1.996,2.186,2025
2025-06-18,10200,Radisson,PM2.5-T640,24,2.992,2.592,6.783,8.138,2025
2025-06-21,10200,Radisson,PM2.5-T640,24,5.151,5.061,10.641,10.768,2025
2025-06-24,10200,Radisson,PM2.5-T640,24,0.848,0.708,1.794,1.842,2025
2025-06-27,10200,Radisson,PM2.5-T640,24,3.661,3.348,5.837,6.183,2025
2025-06-30,10200,Radisson,PM2.5-T640,24,2.999,2.94,3.713,4.107,2025
2025-07-04,10200,Radisson,PM2.5-T640,24,4.015,3.937,4.518,4.588,2025
2025-07-07,10200,Radisson,PM2.5-T640,24,4.301,2.738,9.045,12.895,2025
2025-07-10,10200,Radisson,PM2.5-T640,24,11.703,9.422,19.958,23.777,2025
2025-07-13,10200,Radisson,PM2.5-T640,24,11.546,8.154,39.351,45.172,2025
2025-07-16,10200,Radisson,PM2.5-T640,24,0.903,0.901,1.221,1.223,2025
2025-07-19,10200,Radisson,PM2.5-T640,24,2.057,1.989,2.778,2.844,2025
2025-07-22,10200,Radisson,PM2.5-T640,24,2.249,1.984,3.618,3.7,2025
2025-07-25,10200,Radisson,PM2.5-T640,24,2.18,2.304,3.281,3.379,2025
2025-07-28,10200,Radisson,PM2.5-T640,24,14.115,14.331,16.745,16.873,2025
2025-07-31,10200,Radisson,PM2.5-T640,24,1.885,1.816,2.875,2.966,2025
2025-08-03,10200,Radisson,PM2.5-T640,24,6.272,4.142,16.362,16.474,2025
2025-08-06,10200,Radisson,PM2.5-T640,24,3.872,4.176,5.345,6.897,2025
2025-08-09,10200,Radisson,PM2.5-T640,24,8.5,8.546,11.485,11.661,2025
2025-08-12,10200,Radisson,PM2.5-T640,24,6.474,5.047,13.3,13.87,2025
2025-08-15,10200,Radisson,PM2.5-T640,24,5.676,3.472,10.874,11.149,2025
2025-08-18,10200,Radisson,PM2.5-T640,24,0.966,0.909,1.979,2.641,2025
2025-08-21,10200,Radisson,PM2.5-T640,24,1.097,1.118,1.593,1.958,2025
2025-08-25,10200,Radisson,PM2.5-T640,24,1.896,2.009,2.471,2.562,2025
2025-08-28,10200,Radisson,PM2.5-T640,24,2.984,2.883,4.17,4.331,2025
2025-08-31,10200,Radisson,PM2.5-T640,24,1.629,1.573,2.887,3.304,2025
2025-09-03,10200,Radisson,PM2.5-T640,24,3.387,3.388,4.158,4.429,2025
2025-09-06,10200,Radisson,PM2.5-T640,24,2.298,2.394,3.847,3.913,2025
2025-09-09,10200,Radisson,PM2.5-T640,24,3.709,3.809,4.269,4.297,2025
2025-09-12,10200,Radisson,PM2.5-T640,24,3.501,3.82,5.555,5.677,2025
2025-09-15,10200,Radisson,PM2.5-T640,24,1.419,1.638,2.634,2.644,2025
2025-09-18,10200,Radisson,PM2.5-T640,24,2.058,2.285,3.666,3.807,2025
2025-09-21,10200,Radisson,PM2.5-T640,24,2.489,2.443,3.068,3.138,2025
2025-09-24,10200,Radisson,PM2.5-T640,24,2.453,2.461,2.616,2.675,2025
2025-09-27,10200,Radisson,PM2.5-T640,24,3.819,3.785,5.483,5.537,2025
2025-09-30,10200,Radisson,PM2.5-T640,24,1.07,0.76,2.414,2.466,2025
2025-10-03,10200,Radisson,PM2.5-T640,24,3.602,2.493,7.248,7.665,2025
2025-10-06,10200,Radisson,PM2.5-T640,24,3.313,2.539,7.546,8.074,2025
2025-10-09,10200,Radisson,PM2.5-T640,24,1.223,1.26,1.85,2.339,2025
2025-10-12,10200,Radisson,PM2.5-T640,24,2.53,2.689,2.875,2.933,2025
2025-10-16,10200,Radisson,PM2.5-T640,24,0.893,0.586,2.078,2.289,2025
2025-10-19,10200,Radisson,PM2.5-T640,24,3.586,3.451,5.752,6.078,2025
2025-10-22,10200,Radisson,PM2.5-T640,24,0.848,0.817,1.377,1.842,2025
2025-10-25,10200,Radisson,PM2.5-T640,24,2.122,2.038,3.932,4.463,2025
2025-10-28,10200,Radisson,PM2.5-T640,24,2.62,2.735,3.204,3.267,2025
2025-10-31,10200,Radisson,PM2.5-T640,24,1.092,1.028,2.25,2.273,2025
2025-11-03,10200,Radisson,PM2.5-T640,24,0.637,0.476,1.3,1.606,2025
2025-11-06,10200,Radisson,PM2.5-T640,24,1.852,1.676,3.194,3.387,2025
2025-11-09,10200,Radisson,PM2.5-T640,24,0.74,0.595,1.652,1.731,2025
2025-11-12,10200,Radisson,PM2.5-T640,24,0.238,0.209,0.415,0.443,2025
2025-11-15,10200,Radisson,PM2.5-T640,24,0.338,0.281,0.561,0.565,2025
2025-11-18,10200,Radisson,PM2.5-T640,24,0.108,0.082,0.286,0.418,2025
2025-11-21,10200,Radisson,PM2.5-T640,24,1.13,1.311,2.566,2.971,2025
2025-11-24,10200,Radisson,PM2.5-T640,24,1.55,1.351,2.319,2.507,2025
2025-11-27,10200,Radisson,PM2.5-T640,24,0.096,0.095,0.166,0.194,2025
2025-11-30,10200,Radisson,PM2.5-T640,24,0.635,0.6,0.965,1.491,2025
2025-12-03,10200,Radisson,PM2.5-T640,24,1.579,1.284,3.154,3.264,2025
2025-12-07,10200,Radisson,PM2.5-T640,24,1.081,1.164,1.531,1.655,2025
2025-12-10,10200,Radisson,PM2.5-T640,24,0.965,0.957,1.162,1.177,2025
2025-12-13,10200,Radisson,PM2.5-T640,24,1.052,0.796,1.959,2.126,2025
2025-12-16,10200,Radisson,PM2.5-T640,24,1.58,1.533,2.59,2.986,2025
2025-12-19,10200,Radisson,PM2.5-T640,24,1.062,0.963,1.636,1.667,2025
2025-12-22,10200,Radisson,PM2.5-T640,24,1.838,1.772,2.764,2.896,2025
2025-12-25,10200,Radisson,PM2.5-T640,24,0.904,0.774,1.356,1.486,2025
2025-12-28,10200,Radisson,PM2.5-T640,24,0.471,0.45,0.641,0.665,2025
2025-12-31,10200,Radisson,PM2.5-T640,23,15.177,13.144,32.933,33.841,2025
