no_bqma,hydronyme,description,type_station,type_suivi,annee,n_echant,iqbp_med,ptot_med_mgl,ntot_med_mgl
02340050,Rivière Chaudière,"CHAUDIÈRE AU PONT-ROUTE 132 À SAINT-ROMUALD À 1,3 KM DE L'EMBOUCHURE",RR,6 mois,2000,6,0,0.041,0.95
03020081,Rivière Saint-François,SAINT-FRANÇOIS AU PONT-ROUTE 243 À RICHMOND (CÔTÉ OUEST),RR,8 mois,2002,27,50,0.036,0.545
04310010,Rivière des Outaouais,DES OUTAOUAIS AU PONT-ROUTE 101 À NOTRE-DAME-DU-NORD,RR,12 mois,2002,35,81,0.015,0.4
06290012,Grande Décharge,LA GRANDE DÉCHARGE AU PONT-ROUTE 169 À ALMA,RR,8 mois,2002,27,92,0.01,0.24
03020187,Rivière aux Cerises,AUX CERISES AU PONT DU CHEMIN COUTURE À L'OUEST DE MAGOG,RR,12 mois,2003,33,75,0.013,0.535
04310002,Rivière des Outaouais,DES OUTAOUAIS AU BARRAGE D'HYDRO-QUÉBEC À CARILLON,RR,12 mois,2003,34,84,0.019,0.4
06120001,Rivière Bédard,BÉDARD AU PONT DU RANG SCOTT À ALMA,RR,12 mois,2003,35,21,0.16,1.44
03020082,Rivière Massawippi,MASSAWIPPI AU PONT DE LA RUE MASSAWIPPI À LENNOXVILLE (SHERBROOKE),RR,12 mois,2004,33,70,0.017,0.9
04310010,Rivière des Outaouais,DES OUTAOUAIS AU PONT-ROUTE 101 À NOTRE-DAME-DU-NORD,RR,8 mois,2004,28,80,0.017,0.39
05220249,Cours d'eau Desrochers,"COURS D'EAU DESROCHERS, INTERSECTION RANG DE L'ÉGLISE, 2 KM AU SUD-EST DE SAINT-LIGUORI",AU,Autre,2004,70,13,0.13,3.4
02330029,Ruisseau Saint-Patrice,RUISSEAU SAINT-PATRICE À 1 KM DE SON EMBOUCHURE AVEC LA RIVIÈRE LE BRAS,AU,Autre,2005,46,40,0.05,2.3
03040071,Ruisseau Morpions,"RUISSEAU MORPIONS À GUÉ RIVE GAUCHE, 250 M EN AMONT DU PONT DE LA RUE PRINCIPALE À NOTRE-DAME-DE-STANBRIDGE",RR,Autre,2005,45,35,0.087,1.47
05040113,Rivière Sainte-Anne,BRAS DU NORD DE LA RIVIÈRE SAINTE-ANNE AU PONT-ROUTE 367 À L'OUEST DE SAINT-RAYMOND,RR,12 mois,2005,36,92,0.011,0.21
08010061,Rivière Bourlamaque,BOURLAMAQUE AU PONT-ROUTE 117 EN AVAL DU SITE EAST SULLIVAN MINES; MÉTAUX : RIVE DROITE 10 M EN AMONT,RR,12 mois,2005,34,74,0.015,0.35
03020035,Rivière Saint-François,SAINT-FRANÇOIS AU PONT-ROUTE 143 À SHERBROOKE (BROMPTONVILLE),RR,12 mois,2006,32,63,0.02,0.55
03120001,Rivière La Guerre,"LA GUERRE À 0,6 KM DE L'EMBOUCHURE, RIVE GAUCHE",RR,12 mois,2006,36,0,0.077,1.14
05080105,Rivière Jacques-Cartier,JACQUES-CARTIER AU PONT-ROUTE À L'EMBOUCHURE À DONNACONA,RR,12 mois,2006,36,86,0.014,0.31
02220004,Rivière du Sud-Ouest,DU SUD-OUEST,RR,8 mois,2007,26,70,0.018,0.245
03020081,Rivière Saint-François,SAINT-FRANÇOIS AU PONT-ROUTE 243 À RICHMOND (CÔTÉ OUEST),RR,8 mois,2007,28,55,0.024,0.59
04010050,Rivière du Nord,DU NORD AU PONT DE LA RUE MILLWAY À LACHUTE,AU,Autre,2007,5,24,NA,NA
05100014,Rivière Montmorency,"MONTMORENCY, AU PONT-ROUTE 360 (AVE. ROYALE) À BOISCHATEL; MÉTAUX : RIVE GAUCHE, PLAGE 100 M EN AMONT",RR,8 mois,2007,23,92,0.01,0.17
02250002,Rivière du Loup,DU LOUP AU PONT DE LA ROUTE ENNIS AU SUD-OUEST DE SAINT-JOSEPH-DE-KAMOURASKA,RR,12 mois,2008,35,92,0.009,0.24
03020389,Ruisseau Bradley,"RUISSEAU BRADLEY, PONT-ROUTE CHEMIN DU BRÛLÉ À COMPTON",AU,Autre,2008,68,53,0.04,0.895
04040039,Rivière de la Petite Nation,DE LA PETITE NATION AU PONT DE LA DÉCHARGE DU LAC SIMON,RR,12 mois,2008,34,92,0.005,0.25
05090070,Rivière Nelson,NELSON 5 (SORTIE BASE - HENRI IV),AU,Autre,2008,12,74,0.026,NA
01080001,Rivière Bonaventure,BONAVENTURE AU PONT-ROUTE ROUTE-DE-LA-RIVIÈRE (8 KM EN AMONT DU PONT-ROUTE 132),RR,8 mois,2009,22,96,0.005,0.135
03010007,Rivière Nicolet,NICOLET AU PONT DE LA ROUTE DE WARWICK À SAINT-ALBERT,RR,8 mois,2009,26,46,0.024,1.3
03090009,Rivière Trout,TROUT AU PONT DU CHEMIN DE LA 2e CONCESSION (PONT GAVIN) À L'OUEST D'ELGIN,RR,12 mois,2009,32,88,0.009,0.395
05080004,Rivière Jacques-Cartier,JACQUES-CARTIER AU PONT À TEWKESBURY,RR,8 mois,2009,28,94,0.01,0.16
07120007,Rivière aux Anglais,AUX ANGLAIS AU PONT DU CHEMIN DU MONT TI-BASSE AU NORD DE BAIE-COMEAU,RR,12 mois,2009,33,92,0.008,0.17
02360016,Cours d'eau sans toponyme,AFFLUENT DE LA RIVIÈRE DU CHÊNE,AU,Autre,2010,6,81,0.024,NA
03040075,Ruisseau au Castor,RUISSEAU AU CASTOR AU PONT DU CHEMIN DU MOULIN AU SUD DE PIKE RIVER PRÈS DE L'EMBOUCHURE,RR,8 mois,2010,44,30,0.1,1.4
04330019,Rivière des Prairies,DES PRAIRIES AU PONT-ROUTE 138 (PONT LE GARDEUR),RR,12 mois,2010,36,74,0.018,0.41
05260015,Rivière Maskinongé,MASKINONGÉ AU PONT DU RANG SAINT-AUGUSTIN EN AVAL DU LAC MASKINONGÉ,RR,12 mois,2010,34,85,0.01,0.24
02300003,Rivière Boyer Nord,BOYER NORD AU PONT DU CHEMIN SAINT-FÉLIX À 9 KM EN AMONT DE SAINT-CHARLES-DE-BELLECHASSE,AU,Autre,2011,38,22,0.033,2.8
03030094,Rivière Yamaska,YAMASKA AU PONT-ROUTE 215 À LA SORTIE DU LAC BROME,RR,8 mois,2011,29,52,0.015,0.26
04080254,Rivière Gatineau,"GATINEAU À GUÉ EN AMONT DU PONT SAVOYARD À 3,2 KM EN AVAL DE GRAND-REMOUS, RIVE GAUCHE",RR,8 mois,2011,27,93,0.005,0.23
05220012,Rivière Ouareau,"OUAREAU AU PONT DU CHEMIN GUILBAULT À 1,9 KM DE SON EMBOUCHURE À L'EST DE CRABTREE",RR,12 mois,2011,35,72,0.029,0.36
02150002,Rivière Cap-Chat,CAP-CHAT AU PONT THOMAS AU BOUT DE LA RUE JEAN-BAPTISTE ROY AU SUD DE CAP-CHAT; MÉTAUX 250 M EN AMONT DERRIÈRE LE 17 DE LA RUE ROY,RR,6 mois,2012,5,95,0.001,0.21
03020031,Rivière Saint-François,"SAINT-FRANÇOIS AU PONT-ROUTE 132 À PIERREVILLE; MÉTAUX : RIVE DROITE, À LA RAMPE DE MISE À L'EAU",RR,12 mois,2012,52,69,0.026,0.7
03120001,Rivière La Guerre,"LA GUERRE À 0,6 KM DE L'EMBOUCHURE, RIVE GAUCHE",RR,12 mois,2012,36,0,0.051,0.415
05040116,Rivière Sainte-Anne,SAINTE-ANNE AU PONT DE LA ROUTE DES CASCADES AU NORD DE SAINTE-CHRISTINE,RR,8 mois,2012,27,92,0.011,0.26
05390001,Rivière du Cap Rouge,DU CAP ROUGE AU PONT DU DOMAINE À CAP-ROUGE,RR,8 mois,2012,8,64,0.015,0.975
01300001,Rivière Daaquam,DAAQUAM AU PONT DE LA ROUTE DES MOULINS À SAINT-JUST-DE-BRETENIÈRES,RR,8 mois,2013,15,88,0.012,0.385
03010007,Rivière Nicolet,NICOLET AU PONT DE LA ROUTE DE WARWICK À SAINT-ALBERT,RR,8 mois,2013,24,50,0.023,1.4
03090046,Ruisseau Norton,RUISSEAU NORTON AU PONT-ROUTE 205 À SAINTE-CLOTHILDE-DE-CHÂTEAUGUAY,RR,12 mois,2013,35,0,0.8,1.7
05020005,Rivière Champlain,CHAMPLAIN AU PONCEAU DE LA ROUTE 352 AU SUD-EST DE SAINT-MAURICE,RR,8 mois,2013,15,40,0.089,1.55
05260018,Rivière Mastigouche,MASTIGOUCHE AU PONT DU RANG SAINT-AUGUSTIN À MANDEVILLE,RR,8 mois,2013,17,91,0.01,0.22
08A10011,Rivière La Sarre,LA SARRE AU PONT DU CHEMIN DU 2e ET DU 3e RANG À L'EST DE SAINTE-HÉLÈNE-DE-MANCEBOURG,RR,6 mois,2013,11,30,0.062,0.53
02340131,Rivière Noire,"NOIRE, AU PONT DU CHEMIN DU MOULIN PRÈS DE POINTE-SAINT-GILLES",AU,Autre,2014,9,2,0.05,1.55
03040066,Ruisseau Walbridge,RUISSEAU WALLBRIDGE AU PONT DU RANG DE L'ANGE GARDIEN AU SUD-EST DE NOTRE-DAME-DE-STANBRIDGE,RR,12 mois,2014,47,32,0.032,2.9
04320069,Rivière des Mille Îles,"DES MILLE-ÎLES, PASSERELLE DE L'ÎLE DES MOULINS À TERREBONNE; MÉTAUX : RIVE GAUCHE, ENVIRON 100 M EN AMONT DU BARRAGE.",RR,12 mois,2014,53,61,0.03,0.79
05220006,Rivière Saint-Esprit,SAINT-ESPRIT AU PONT DU RANG SAINT-ESPRIT (PONT PRÉVOST) AU NORD-EST DE L'ÉPIPHANIE,RR,12 mois,2014,35,44,0.058,1.2
07130004,Rivière Franquelin,FRANQUELIN AU PONT DU SENTIER DE MOTONEIGE À ENVIRON 1 KM DE LA ROUTE 138,RR,8 mois,2014,19,78,0.014,0.195
02310004,Rivière du Sud,"DU SUD À LA PASSERELLE PIÉTONNIÈRE DU PONT DU C.N. À MONTMAGNY À 2 KM DE L'EMBOUCHURE; MÉTAUX : RIVE DROITE, 10 M EN AMONT",RR,12 mois,2015,38,80,0.019,0.565
03020434,Rivière Saint-Germain,SAINT-GERMAIN PRÈS DE DRUMMONDVILLE,AU,Autre,2015,12,57,0.046,1.4
04020304,Rivière Maskinongé,"MASKINONGÉ, CHEMIN TRINEER",AU,Autre,2015,5,81,0.014,0.19
05030206,Rivière des Chutes,DES CHUTES AU PONT-ROUTE 352 À SAINT-NARCISSE,RR,8 mois,2015,24,24,0.115,1.55
05280019,Rivière du Loup,"DU LOUP AU BELVEDÈRE DES CHUTES À MAGNAN À 50 M EN AMONT DU PONT-ROUTE 350 À SAINT-PAULIN, RIVE DROITE",RR,8 mois,2015,24,92,0.011,0.23
01120005,Rivière Nouvelle,NOUVELLE AU PONT DE LA ROUTE DE MIGUASHA (PONT KEARNEY) À NOUVELLE,RR,12 mois,2016,35,94,0.002,0.14
02400006,Rivière Bécancour,BÉCANCOUR AU PONT DU 10e RANG À LA SORTIE DU LAC WILLIAM,RR,8 mois,2016,30,74,0.015,0.575
03040110,Rivière Sutton,SUTTON AU PONT-ROUTE 139 À ABERCORN,RR,12 mois,2016,42,81,0.008,0.445
04310010,Rivière des Outaouais,DES OUTAOUAIS AU PONT-ROUTE 101 À NOTRE-DAME-DU-NORD,RR,12 mois,2016,36,87,0.015,0.31
05220001,Rivière l'Assomption,L'ASSOMPTION AU PONT DU BOULEVARD ANTONIO BARRETTE (PONT DU CHRIST ROI) À JOLIETTE,RR,8 mois,2016,23,83,0.015,0.36
06290013,Petite Décharge,"LA PETITE DÉCHARGE, À LA PASSERELLE DU CENTENAIRE (0,6 KM EN AMONT DU PONT CARCAJOU À ALMA)",RR,12 mois,2016,35,78,0.018,0.36
02300001,Rivière Boyer,"BOYER, AU PONT-ROUTE 281 AU SUD-EST DE ST-MICHEL; MÉTAUX : RIVE GAUCHE, 100 M EN AMONT",RR,8 mois,2017,29,38,0.053,2.5
03020081,Rivière Saint-François,SAINT-FRANÇOIS AU PONT-ROUTE 243 À RICHMOND (CÔTÉ OUEST),RR,8 mois,2017,24,65,0.022,0.63
03880001,Rivière Camille-Roy,"CAMILLE-ROY, PONT-ROUTE 132",AU,Autre,2017,8,1,0.15,5.9
05010065,Rivière Blanche,"BLANCHE, CHEMIN ST-ONGE",AU,Autre,2017,9,54,0.054,0.855
05250002,Rivière Chicot,"CHICOT AU PONT-ROUTE 138 À SAINTE-GENEVIÈVE-DE-BERTHIER; MÉTAUX : RIVE DROITE, 50 M EN AMONT DE L'AUTOROUTE 40",RR,12 mois,2017,34,34,0.077,1.4
01020001,Rivière du Petit Pabos,DU PETIT PABOS AU PONT DE LA ROUTE DE PETIT-PABOS À CHANDLER,RR,8 mois,2018,22,96,0.001,0.155
02360014,Rivière du Chêne,"DU CHÊNE, AU PONT DU CHEMIN DU VIEUX MOULIN À LECLERCVILLE; MÉTAUX : RIVE GAUCHE, 50 M EN AMONT",RR,12 mois,2018,36,68,0.029,0.52
03040073,Ruisseau Ewing,RUISSEAU EWING AU PONT-ROUTE 202 À L'OUEST DE PIKE RIVER PRÈS DE L'EMBOUCHURE,RR,12 mois,2018,47,31,0.085,1.85
04300505,Cours d'eau sans toponyme,"TRIBUTAIRE DE LA BAIE DE LA PENTECÔTE, CHEMIN DE LA PETITE-PRESQU'ÎLE",AU,Autre,2018,12,60,0.035,0.21
05090094,Rivière Waterloo,"WATERLOO, CHEMIN DU MOULIN",AU,Autre,2018,10,78,0.007,0.47
06210002,Rivière Mistassibi,MISTASSIBI AU PONT-ROUTE 169 À MISTASSINI,RR,8 mois,2018,24,96,0.007,0.155
02290007,Rivière Trois Saumons,"TROIS-SAUMONS, RIVE DROITE 50 M EN AMONT DU PONT-ROUTE 132 À SAINT-JEAN-PORT-JOLI",RR,8 mois,2019,23,82,0.009,0.27
03020081,Rivière Saint-François,SAINT-FRANÇOIS AU PONT-ROUTE 243 À RICHMOND (CÔTÉ OUEST),RR,8 mois,2019,22,68,0.027,0.66
04010002,Rivière du Nord,"DU NORD AU PONT-ROUTE 344 À SAINT-ANDRÉ-D'ARGENTEUIL; MÉTAUX : RIVE DROITE, 100 M EN AVAL",RR,12 mois,2019,35,58,0.032,1.05
05030113,Rivière des Envies,DES ENVIES AU PONT À LA DÉCHARGE DU LAC TRAVERSE PRÈS DE SAINTE-THÈCLE,RR,8 mois,2019,24,78,0.008,0.165
05290001,Petite rivière Yamachiche,"PETITE RIVIÈRE YAMACHICHE, AU PONT DE LA RUE EMMANUEL AU SUD-OUEST DE YAMACHICHE; MÉTAUX : RIVE DROITE, 50 M EN AVAL DU PONT DE LA RUE GÉLINAS",RR,12 mois,2019,35,2,0.105,4.2
01170022,Rivière Cabano,CABANO AU PONT-ROUTE 232 À 4 KM AU NORD DE SAINT-EUSÈBE,RR,6 mois,2020,20,90,0.005,0.16
02F10001,Ruisseau des Bras,RUISSEAU DU BRAS,AU,Autre,2020,5,22,0.155,0.875
03060001,Rivière Saint-Jacques,SAINT-JACQUES AU PONT DU BOULEVARD TASCHEREAU (ROUTE 134) À LA PRAIRIE,RR,12 mois,2020,32,0,0.074,1.7
04440002,Rivière Beaudette,BEAUDETTE AU PONT DU CHEMIN DE LA FRONTIÈRE (PONT-ROUTE 202/338) À RIVIÈRE-BEAUDETTE,RR,6 mois,2020,20,14,0.04,0.43
05250004,Ruisseau Saint-André,RUISSEAU SAINT-ANDRÉ,AU,Autre,2020,16,84,0.019,0.345
08010060,Rivière Bourlamaque,BOURLAMAQUE AU SUD-EST DE VAL-D'OR EN AMONT DU SITE EAST SULLIVAN MINES AU PONT DU CHEMIN EAST SULLIVAN; MÉTAUX : RIVE GAUCHE 5 M EN AMONT,RR,6 mois,2020,19,78,0.015,0.38
02340131,Rivière Noire,"NOIRE, AU PONT DU CHEMIN DU MOULIN PRÈS DE POINTE-SAINT-GILLES",RR,6 mois,2021,19,4,0.04,1.7
03030199,Rivière Yamaska,YAMASKA AU PONT DU CHEMIN LANGEVIN EN AVAL D'ADAMSVILLE (BROMONT),RR,6 mois,2021,21,41,0.031,1.3
04050001,Rivière Blanche,BLANCHE AU PONT-ROUTE 148 À L'OUEST DE THURSO,RR,6 mois,2021,21,56,0.03,0.21
05050010,Ruisseau Perreault,"RUISSEAU DU MOULIN, AU SUD DU BASSIN DE RÉTENTION",AU,Autre,2021,2,24,0.939,6.15
05290001,Petite rivière Yamachiche,"PETITE RIVIÈRE YAMACHICHE, AU PONT DE LA RUE EMMANUEL AU SUD-OUEST DE YAMACHICHE; MÉTAUX : RIVE DROITE, 50 M EN AVAL DU PONT DE LA RUE GÉLINAS",RR,8 mois,2021,29,0,0.12,5.9
01020001,Rivière du Petit Pabos,DU PETIT PABOS AU PONT DE LA ROUTE DE PETIT-PABOS À CHANDLER,RR,6 mois,2022,19,96,0.001,0.15
02400006,Rivière Bécancour,BÉCANCOUR AU PONT DU 10e RANG À LA SORTIE DU LAC WILLIAM,RR,6 mois,2022,23,46,0.018,0.51
03040075,Ruisseau au Castor,RUISSEAU AU CASTOR AU PONT DU CHEMIN DU MOULIN AU SUD DE PIKE RIVER PRÈS DE L'EMBOUCHURE,RR,12 mois,2022,46,23,0.15,1.65
04320008,Rivière des Mille Îles,DES MILLE ÎLES À L'USINE DE FILTRATION DE ROSEMÈRE À 2 KM EN AMONT DU PONT -ROUTE 335,RR,6 mois,2022,18,78,0.03,0.61
05220004,Rivière l'Assomption,"L'ASSOMPTION AU PONT-ROUTE 343 (BOULEVARD BRASSARD) À 0,6 KM EN AMONT DE LA OUAREAU À L'EST DE CRABTREE",RR,6 mois,2022,21,44,0.05,1.1
07050001,Rivière du Sault aux Cochons,"DU SAULT AUX COCHONS AU PONT-ROUTE 138 À FORESTVILLE; MÉTAUX, RIVE GAUCHE 15 M EN AMONT",RR,6 mois,2022,21,92,0.008,0.125
02330010,Rivière Etchemin,ETCHEMIN AU PONT DU 8e RANG AU SUD-EST DE SAINT-LUC,RR,12 mois,2023,31,94,0.005,0.24
03020434,Rivière Saint-Germain,SAINT-GERMAIN PRÈS DE DRUMMONDVILLE,AU,Autre,2023,18,49,0.032,1.7
04040001,Rivière de la Petite Nation,"DE LA PETITE NATION AU PONT-ROUTE 148 À PLAISANCE: MÉTAUX : RIVE DROITE, 75 M EN AMONT",RR,12 mois,2023,33,83,0.017,0.305
05080073,Rivière aux Pins,AUX PINS AU PONT DE LA ROUTE DE FOSSAMBAULT À FOSSAMBAULT-SUR-LE-LAC,RR,8 mois,2023,24,92,0.013,0.155
06200001,Rivière Ticouapé,TICOUAPÉ AU PONT-ROUTE 169 À SAINT-MÉTHODE,RR,8 mois,2023,23,28,0.056,0.645
02250002,Rivière du Loup,DU LOUP AU PONT DE LA ROUTE ENNIS AU SUD-OUEST DE SAINT-JOSEPH-DE-KAMOURASKA,RR,8 mois,2024,23,92,0.01,0.26
03020033,Rivière Saint-Germain,SAINT-GERMAIN AU PONT PRIVÉ DU TERRAIN DE GOLF À DRUMMONDVILLE,RR,8 mois,2024,24,40,0.05,2.05
03110004,Rivière Saint-Louis,SAINT-LOUIS AU PONT-ROUTE 236,AU,Autre,2024,19,31,0.085,0.81
05040116,Rivière Sainte-Anne,SAINTE-ANNE AU PONT DE LA ROUTE DES CASCADES AU NORD DE SAINTE-CHRISTINE,RR,8 mois,2024,24,93,0.012,0.23
06070006,Rivière à Mars,"À MARS AU PONT DU BOULEVARD DE LA GRANDE BAIE À LA BAIE; MÉTAUX : RIVE GAUCHE, 200 M EN AMONT DU PONT DE LA 6E RUE",RR,8 mois,2024,24,85,0.017,0.22
00000091,Fleuve Saint-Laurent,SAINT-LAURENT SOUS LE PONT LAVIOLETTE À TROIS-RIVIÈRES (RIVE NORD),RF,6 mois,2002,17,53,0.024,0.45
00000087,Fleuve Saint-Laurent,SAINT-LAURENT SOUS LA LIGNE D'HYDRO-QUÉBEC À TRACY (AU CENTRE),RF,6 mois,2004,18,7,0.016,0.47
00000078,Fleuve Saint-Laurent,SAINT-LAURENT À LA PRISE D'EAU DE MONTRÉAL (LASALLE),RF,12 mois,2006,36,89,0.01,0.395
00000072,Fleuve Saint-Laurent,CANAL DE BEAUHARNOIS AU PONT-ROUTE 132 À VALLEYFIELD,RF,12 mois,2008,36,91,0.007,0.405
00000072,Fleuve Saint-Laurent,CANAL DE BEAUHARNOIS AU PONT-ROUTE 132 À VALLEYFIELD,RF,12 mois,2010,36,90,0.007,0.445
00000082,Fleuve Saint-Laurent,SAINT-LAURENT À LA PRISE D'EAU DE SAINTE-FOY,RF,12 mois,2012,31,78,0.024,0.45
00000088,Fleuve Saint-Laurent,SAINT-LAURENT SOUS LA LIGNE D'HYDRO-QUÉBEC À TRACY (RIVE NORD),RF,6 mois,2014,17,50,0.025,0.55
00000094,Fleuve Saint-Laurent,SAINT-LAURENT AU PORT DE BÉCANCOUR (RIVE NORD),RF,6 mois,2016,18,68,0.017,0.395
00000097,Fleuve Saint-Laurent,"SAINT-LAURENT ENTRE REPENTIGNY ET VARENNES (RIVE NORD,VOIE MARITIME)",RF,6 mois,2018,18,85,0.018,0.36
00000107,Fleuve Saint-Laurent,SAINT-LAURENT DANS LE CHENAL SUD DE L'ÎLE D'ORLÉANS (RIVE NORD),RF,6 mois,2020,16,75,0.015,0.365
00000110,Fleuve Saint-Laurent,SAINT-LAURENT EN AMONT DE L'ÎLE SAINTE-THÉRÈSE (RIVE NORD),RF,6 mois,2022,17,88,0.011,0.3
00000143,Fleuve Saint-Laurent,SAINT-LAURENT EN FACE DE CAP-ROUGE (RIVE NORD),RF,8 mois,2024,24,62,0.026,0.39
