stop_id,stop_code,stop_name,stop_description,wheelchair_boarding,wheelchair_boarding_label,stop_url,access_date
1-1005,1005,Champlain/1005,Rue Champlain / boul. Champlain,1,Accessible selon le codage GTFS,https://www.rtcquebec.ca/horaires-et-trajets/horaires-des-bus/tous-les-parcours/1005,2026-09-05
1-1050,1050,Pente-Douce,de la Pente-Douce / C.-Lavallée,1,Accessible selon le codage GTFS,https://www.rtcquebec.ca/horaires-et-trajets/horaires-des-bus/tous-les-parcours/1050,2026-09-05
1-1115,1115,Petit-Champlain,Boul. Champlain / du P.-Champlain,1,Accessible selon le codage GTFS,https://www.rtcquebec.ca/horaires-et-trajets/horaires-des-bus/tous-les-parcours/1115,2026-09-05
1-1170,1170,St-Vallier/1170,Saint-Vallier Ouest / de l'Armée,1,Accessible selon le codage GTFS,https://www.rtcquebec.ca/horaires-et-trajets/horaires-des-bus/tous-les-parcours/1170,2026-09-05
1-1239,1239,Peupliers/1239,1re Avenue / des Peupliers Ouest,1,Accessible selon le codage GTFS,https://www.rtcquebec.ca/horaires-et-trajets/horaires-des-bus/tous-les-parcours/1239,2026-09-05
1-1307,1307,11e Rue,3e Avenue / 11e Rue,0,Information non disponible,https://www.rtcquebec.ca/horaires-et-trajets/horaires-des-bus/tous-les-parcours/1307,2026-09-05
1-1359,1359,Ste-Anne/1359,D'Estimauville / Sainte-Anne,1,Accessible selon le codage GTFS,https://www.rtcquebec.ca/horaires-et-trajets/horaires-des-bus/tous-les-parcours/1359,2026-09-05
1-1414,1414,2e Avenue,46e Rue Est / 2e Avenue Est,0,Information non disponible,https://www.rtcquebec.ca/horaires-et-trajets/horaires-des-bus/tous-les-parcours/1414,2026-09-05
1-1507,1507,Peupliers/1507,4e Avenue / des Peupliers Est,1,Accessible selon le codage GTFS,https://www.rtcquebec.ca/horaires-et-trajets/horaires-des-bus/tous-les-parcours/1507,2026-09-05
1-1579,1579,des Érables,R.-Lévesque Ouest / des Érables,1,Accessible selon le codage GTFS,https://www.rtcquebec.ca/horaires-et-trajets/horaires-des-bus/tous-les-parcours/1579,2026-09-05
1-1654,1654,L.-Harmel/1654,L.-Harmel / au 2260,0,Information non disponible,https://www.rtcquebec.ca/horaires-et-trajets/horaires-des-bus/tous-les-parcours/1654,2026-09-05
1-1713,1713,W.-Hamel,Mgr-Plessis / W.-Hamel,1,Accessible selon le codage GTFS,https://www.rtcquebec.ca/horaires-et-trajets/horaires-des-bus/tous-les-parcours/1713,2026-09-05
1-1782,1782,des Gouverneurs,Laurier / R.-Lévesque Ouest,1,Accessible selon le codage GTFS,https://www.rtcquebec.ca/horaires-et-trajets/horaires-des-bus/tous-les-parcours/1782,2026-09-05
1-1832,1832,des Gouverneurs,Laurier / R.-Lévesque Ouest,1,Accessible selon le codage GTFS,https://www.rtcquebec.ca/horaires-et-trajets/horaires-des-bus/tous-les-parcours/1832,2026-09-05
1-1886,1886,66e Rue,I.-Bédard / 67e Rue Est,1,Accessible selon le codage GTFS,https://www.rtcquebec.ca/horaires-et-trajets/horaires-des-bus/tous-les-parcours/1886,2026-09-05
1-1930,1930,S.-D'Argenteuil,Saint-Louis / du Sieur-D'Argenteuil,1,Accessible selon le codage GTFS,https://www.rtcquebec.ca/horaires-et-trajets/horaires-des-bus/tous-les-parcours/1930,2026-09-05
1-1977,1977,G.-Lalemant,des Étudiants / G.-Lalemant,1,Accessible selon le codage GTFS,https://www.rtcquebec.ca/horaires-et-trajets/horaires-des-bus/tous-les-parcours/1977,2026-09-05
1-2019,2019,du Foulon,Boul. Champlain / du Foulon,1,Accessible selon le codage GTFS,https://www.rtcquebec.ca/horaires-et-trajets/horaires-des-bus/tous-les-parcours/2019,2026-09-05
1-2104,2104,de Cap-Rouge,Provancher / de Cap-Rouge,0,Information non disponible,https://www.rtcquebec.ca/horaires-et-trajets/horaires-des-bus/tous-les-parcours/2104,2026-09-05
1-2151,2151,8e Avenue,des Saules Est / 8e Avenue,1,Accessible selon le codage GTFS,https://www.rtcquebec.ca/horaires-et-trajets/horaires-des-bus/tous-les-parcours/2151,2026-09-05
1-2200,2200,du Foulon/2200,du Foulon / à Gignac,0,Information non disponible,https://www.rtcquebec.ca/horaires-et-trajets/horaires-des-bus/tous-les-parcours/2200,2026-09-05
1-2258,2258,M.-Incarnation,Charest Ouest / M.-de-l'Incarnation,1,Accessible selon le codage GTFS,https://www.rtcquebec.ca/horaires-et-trajets/horaires-des-bus/tous-les-parcours/2258,2026-09-05
1-2306,2306,Ranvoyzé,Liégeois / Ranvoyzé,0,Information non disponible,https://www.rtcquebec.ca/horaires-et-trajets/horaires-des-bus/tous-les-parcours/2306,2026-09-05
1-2349,2349,3e Avenue/2349,76e Rue Ouest / 3e Avenue Ouest,1,Accessible selon le codage GTFS,https://www.rtcquebec.ca/horaires-et-trajets/horaires-des-bus/tous-les-parcours/2349,2026-09-05
1-2386,2386,Francoeur/2386,L.-Francoeur / au 1310,0,Information non disponible,https://www.rtcquebec.ca/horaires-et-trajets/horaires-des-bus/tous-les-parcours/2386,2026-09-05
1-2423,2423,P.-Bertrand/2423,Beaucage / P.-Bertrand,0,Information non disponible,https://www.rtcquebec.ca/horaires-et-trajets/horaires-des-bus/tous-les-parcours/2423,2026-09-05
1-2470,2470,Prom-Soeurs/2470,J.-C.-Cantin / Prom.-des-Soeurs,0,Information non disponible,https://www.rtcquebec.ca/horaires-et-trajets/horaires-des-bus/tous-les-parcours/2470,2026-09-05
1-2522,2522,des Gradins/2522,des Gradins / au 5355,0,Information non disponible,https://www.rtcquebec.ca/horaires-et-trajets/horaires-des-bus/tous-les-parcours/2522,2026-09-05
1-2563,2563,4e Rue,des Capucins / 4e Rue,1,Accessible selon le codage GTFS,https://www.rtcquebec.ca/horaires-et-trajets/horaires-des-bus/tous-les-parcours/2563,2026-09-05
1-2607,2607,Borduas,Chauveau Ouest / Borduas,1,Accessible selon le codage GTFS,https://www.rtcquebec.ca/horaires-et-trajets/horaires-des-bus/tous-les-parcours/2607,2026-09-05
1-2671,2671,du Côte-de-Nuits,du Pomerol / du Côte-de-Nuits,1,Accessible selon le codage GTFS,https://www.rtcquebec.ca/horaires-et-trajets/horaires-des-bus/tous-les-parcours/2671,2026-09-05
1-2717,2717,Riv.-Jaune/2717,de la Rivière-Jaune / au 1716,0,Information non disponible,https://www.rtcquebec.ca/horaires-et-trajets/horaires-des-bus/tous-les-parcours/2717,2026-09-05
1-2758,2758,du Quatuor,J.-Bédard / du Quatuor,0,Information non disponible,https://www.rtcquebec.ca/horaires-et-trajets/horaires-des-bus/tous-les-parcours/2758,2026-09-05
1-2807,2807,H.-Bourassa/2807,H.-Bourassa / au 21105,0,Information non disponible,https://www.rtcquebec.ca/horaires-et-trajets/horaires-des-bus/tous-les-parcours/2807,2026-09-05
1-2850,2850,G.-Muir/2850,de l'Argon / G.-Muir,0,Information non disponible,https://www.rtcquebec.ca/horaires-et-trajets/horaires-des-bus/tous-les-parcours/2850,2026-09-05
1-2888,2888,C. Charlesbourg,H.-Bourassa / Cloutier,1,Accessible selon le codage GTFS,https://www.rtcquebec.ca/horaires-et-trajets/horaires-des-bus/tous-les-parcours/2888,2026-09-05
1-2959,2959,49e Rue,5e Avenue Ouest / 49e Rue Ouest,0,Information non disponible,https://www.rtcquebec.ca/horaires-et-trajets/horaires-des-bus/tous-les-parcours/2959,2026-09-05
1-3004,3004,63e Rue,3e Avenue Est / 63e Rue Est,1,Accessible selon le codage GTFS,https://www.rtcquebec.ca/horaires-et-trajets/horaires-des-bus/tous-les-parcours/3004,2026-09-05
1-3042,3042,le Duc,du Comte / le Duc Nord,0,Information non disponible,https://www.rtcquebec.ca/horaires-et-trajets/horaires-des-bus/tous-les-parcours/3042,2026-09-05
1-3080,3080,70e Rue,3e Avenue Est / 70e Rue Est,1,Accessible selon le codage GTFS,https://www.rtcquebec.ca/horaires-et-trajets/horaires-des-bus/tous-les-parcours/3080,2026-09-05
1-3126,3126,Chomedey,Cloutier / Chomedey,1,Accessible selon le codage GTFS,https://www.rtcquebec.ca/horaires-et-trajets/horaires-des-bus/tous-les-parcours/3126,2026-09-05
1-3168,3168,55e Rue,3e Avenue Ouest / 55e Rue Ouest,1,Accessible selon le codage GTFS,https://www.rtcquebec.ca/horaires-et-trajets/horaires-des-bus/tous-les-parcours/3168,2026-09-05
1-3208,3208,de l'Entraide,10e Avenue Est / de l'Entraide,1,Accessible selon le codage GTFS,https://www.rtcquebec.ca/horaires-et-trajets/horaires-des-bus/tous-les-parcours/3208,2026-09-05
1-3249,3249,du Hoggar,de l'Alaska / du Hoggar,0,Information non disponible,https://www.rtcquebec.ca/horaires-et-trajets/horaires-des-bus/tous-les-parcours/3249,2026-09-05
1-3306,3306,79e Rue,3e Avenue Est / 79e Rue Est,0,Information non disponible,https://www.rtcquebec.ca/horaires-et-trajets/horaires-des-bus/tous-les-parcours/3306,2026-09-05
1-3358,3358,St-Théoph./3358,Royale / Chalifour,0,Information non disponible,https://www.rtcquebec.ca/horaires-et-trajets/horaires-des-bus/tous-les-parcours/3358,2026-09-05
1-3480,3480,de Castillon,G.-Viger / de Castillon,0,Information non disponible,https://www.rtcquebec.ca/horaires-et-trajets/horaires-des-bus/tous-les-parcours/3480,2026-09-05
1-3526,3526,de l'Obiou/3526,des Français / de l'Obiou,1,Accessible selon le codage GTFS,https://www.rtcquebec.ca/horaires-et-trajets/horaires-des-bus/tous-les-parcours/3526,2026-09-05
1-3580,3580,de Châteaubourg,Saint-Samuel / de Châteaubourg,0,Information non disponible,https://www.rtcquebec.ca/horaires-et-trajets/horaires-des-bus/tous-les-parcours/3580,2026-09-05
1-3618,3618,Félix,Saint-Samuel / Félix,0,Information non disponible,https://www.rtcquebec.ca/horaires-et-trajets/horaires-des-bus/tous-les-parcours/3618,2026-09-05
1-3675,3675,Ste-Anne/3675,Sainte-Anne / face au 3505,1,Accessible selon le codage GTFS,https://www.rtcquebec.ca/horaires-et-trajets/horaires-des-bus/tous-les-parcours/3675,2026-09-05
1-3723,3723,Malraux,Pellan / Malraux,0,Information non disponible,https://www.rtcquebec.ca/horaires-et-trajets/horaires-des-bus/tous-les-parcours/3723,2026-09-05
1-3763,3763,St-Michel/3763,Seigneuriale / Saint-Michel,0,Information non disponible,https://www.rtcquebec.ca/horaires-et-trajets/horaires-des-bus/tous-les-parcours/3763,2026-09-05
1-3810,3810,Seign./3810,Sainte-Thérèse / Seigneuriale,0,Information non disponible,https://www.rtcquebec.ca/horaires-et-trajets/horaires-des-bus/tous-les-parcours/3810,2026-09-05
1-3862,3862,A.-Viau/3862,de l'Auvergne / A.-Viau Nord,1,Accessible selon le codage GTFS,https://www.rtcquebec.ca/horaires-et-trajets/horaires-des-bus/tous-les-parcours/3862,2026-09-05
1-3940,3940,Montérégiennes,Adanac / des Montérégiennes,0,Information non disponible,https://www.rtcquebec.ca/horaires-et-trajets/horaires-des-bus/tous-les-parcours/3940,2026-09-05
1-3995,3995,de Chamonix/3995,de Chamonix / au 1220,0,Information non disponible,https://www.rtcquebec.ca/horaires-et-trajets/horaires-des-bus/tous-les-parcours/3995,2026-09-05
1-4052,4052,de l'Isère,de l'Atrium / de l'Isère,1,Accessible selon le codage GTFS,https://www.rtcquebec.ca/horaires-et-trajets/horaires-des-bus/tous-les-parcours/4052,2026-09-05
1-4096,4096,A.-Dion,Verret / A.-Dion,0,Information non disponible,https://www.rtcquebec.ca/horaires-et-trajets/horaires-des-bus/tous-les-parcours/4096,2026-09-05
1-4146,4146,R.-St-Laurent,de la R.-Nelson / R.-Saint-Laurent,0,Information non disponible,https://www.rtcquebec.ca/horaires-et-trajets/horaires-des-bus/tous-les-parcours/4146,2026-09-05
1-4188,4188,Centre St-Louis,Racine / face au 270,1,Accessible selon le codage GTFS,https://www.rtcquebec.ca/horaires-et-trajets/horaires-des-bus/tous-les-parcours/4188,2026-09-05
1-4228,4228,du Glorieux/4228,du Golf / du Glorieux,1,Accessible selon le codage GTFS,https://www.rtcquebec.ca/horaires-et-trajets/horaires-des-bus/tous-les-parcours/4228,2026-09-05
1-4270,4270,Savard,du Moulin-des-Mères / Savard,0,Information non disponible,https://www.rtcquebec.ca/horaires-et-trajets/horaires-des-bus/tous-les-parcours/4270,2026-09-05
1-4309,4309,Durand,de l'Hôpital / Durand,0,Information non disponible,https://www.rtcquebec.ca/horaires-et-trajets/horaires-des-bus/tous-les-parcours/4309,2026-09-05
1-4352,4352,P.-Lelièvre/4352,Central / Père-Lelièvre,0,Information non disponible,https://www.rtcquebec.ca/horaires-et-trajets/horaires-des-bus/tous-les-parcours/4352,2026-09-05
1-4395,4395,Diderot,Chauveau Ouest / Diderot,0,Information non disponible,https://www.rtcquebec.ca/horaires-et-trajets/horaires-des-bus/tous-les-parcours/4395,2026-09-05
1-4432,4432,La Morille/4432,Latreille / La Morille,1,Accessible selon le codage GTFS,https://www.rtcquebec.ca/horaires-et-trajets/horaires-des-bus/tous-les-parcours/4432,2026-09-05
1-4473,4473,J.-Crépeault,Claudel / J.-Crépeault,0,Information non disponible,https://www.rtcquebec.ca/horaires-et-trajets/horaires-des-bus/tous-les-parcours/4473,2026-09-05
1-4515,4515,Latulippe,Plante / Latulippe,1,Accessible selon le codage GTFS,https://www.rtcquebec.ca/horaires-et-trajets/horaires-des-bus/tous-les-parcours/4515,2026-09-05
1-4560,4560,la Colline/4560,de la Colline / au 14828,0,Information non disponible,https://www.rtcquebec.ca/horaires-et-trajets/horaires-des-bus/tous-les-parcours/4560,2026-09-05
1-4605,4605,M.-Goretti,Claudel / M.-Goretti,0,Information non disponible,https://www.rtcquebec.ca/horaires-et-trajets/horaires-des-bus/tous-les-parcours/4605,2026-09-05
1-4656,4656,Brault,de Rouen / Rochefort,0,Information non disponible,https://www.rtcquebec.ca/horaires-et-trajets/horaires-des-bus/tous-les-parcours/4656,2026-09-05
1-4698,4698,la Petite-Oasis,de la Faune / de la Petite-Oasis,0,Information non disponible,https://www.rtcquebec.ca/horaires-et-trajets/horaires-des-bus/tous-les-parcours/4698,2026-09-05
1-4745,4745,Allard,Saint-Jacques / Allard,0,Information non disponible,https://www.rtcquebec.ca/horaires-et-trajets/horaires-des-bus/tous-les-parcours/4745,2026-09-05
1-4794,4794,St-Charles/4794,du Lac-Saint-Charles / au 1009,0,Information non disponible,https://www.rtcquebec.ca/horaires-et-trajets/horaires-des-bus/tous-les-parcours/4794,2026-09-05
1-4830,4830,St-Charles/4830,du Lac-Saint-Charles / au 1794,0,Information non disponible,https://www.rtcquebec.ca/horaires-et-trajets/horaires-des-bus/tous-les-parcours/4830,2026-09-05
1-4866,4866,St-Romain,Lapierre / Saint-Romain,0,Information non disponible,https://www.rtcquebec.ca/horaires-et-trajets/horaires-des-bus/tous-les-parcours/4866,2026-09-05
1-4911,4911,du Binôme/4911,Rideau / du Binôme,0,Information non disponible,https://www.rtcquebec.ca/horaires-et-trajets/horaires-des-bus/tous-les-parcours/4911,2026-09-05
1-4949,4949,du Plein-Air,G.-Muir / du Plein-Air,0,Information non disponible,https://www.rtcquebec.ca/horaires-et-trajets/horaires-des-bus/tous-les-parcours/4949,2026-09-05
1-4993,4993,Huot/4993,Huot / face au 219,1,Accessible selon le codage GTFS,https://www.rtcquebec.ca/horaires-et-trajets/horaires-des-bus/tous-les-parcours/4993,2026-09-05
1-5037,5037,Morand/5037,Masson / Morand,1,Accessible selon le codage GTFS,https://www.rtcquebec.ca/horaires-et-trajets/horaires-des-bus/tous-les-parcours/5037,2026-09-05
1-5075,5075,S.-Drolet/5075,de l'Ormière / S.-Drolet,1,Accessible selon le codage GTFS,https://www.rtcquebec.ca/horaires-et-trajets/horaires-des-bus/tous-les-parcours/5075,2026-09-05
1-5123,5123,Gastonguay,de l'Ormière / Gastonguay,1,Accessible selon le codage GTFS,https://www.rtcquebec.ca/horaires-et-trajets/horaires-des-bus/tous-les-parcours/5123,2026-09-05
1-5163,5163,P.-Lelièvre/5163,Père-Lelièvre / au 1401,1,Accessible selon le codage GTFS,https://www.rtcquebec.ca/horaires-et-trajets/horaires-des-bus/tous-les-parcours/5163,2026-09-05
1-5201,5201,Flamand,Baker / Flamand,0,Information non disponible,https://www.rtcquebec.ca/horaires-et-trajets/horaires-des-bus/tous-les-parcours/5201,2026-09-05
1-5241,5241,J.-Marchand/5241,J.-Marchand / au 3975,0,Information non disponible,https://www.rtcquebec.ca/horaires-et-trajets/horaires-des-bus/tous-les-parcours/5241,2026-09-05
1-5278,5278,Aréna Duberger,Central / Dion,0,Information non disponible,https://www.rtcquebec.ca/horaires-et-trajets/horaires-des-bus/tous-les-parcours/5278,2026-09-05
1-5317,5317,des Quatre-Temps,Jean-XXIII / des Quatre-Temps,0,Information non disponible,https://www.rtcquebec.ca/horaires-et-trajets/horaires-des-bus/tous-les-parcours/5317,2026-09-05
1-5362,5362,J.-Laurin,de la Famille / J.-Laurin,0,Information non disponible,https://www.rtcquebec.ca/horaires-et-trajets/horaires-des-bus/tous-les-parcours/5362,2026-09-05
1-5399,5399,des Visons,des Loutres / des Visons,1,Accessible selon le codage GTFS,https://www.rtcquebec.ca/horaires-et-trajets/horaires-des-bus/tous-les-parcours/5399,2026-09-05
1-5444,5444,Paquin/5444,Paquin / face au 3363,0,Information non disponible,https://www.rtcquebec.ca/horaires-et-trajets/horaires-des-bus/tous-les-parcours/5444,2026-09-05
1-5492,5492,J.-Froissart,Montpellier / De Montherlant,1,Accessible selon le codage GTFS,https://www.rtcquebec.ca/horaires-et-trajets/horaires-des-bus/tous-les-parcours/5492,2026-09-05
1-5539,5539,Royale,Fr.-De Laval / Royale,1,Accessible selon le codage GTFS,https://www.rtcquebec.ca/horaires-et-trajets/horaires-des-bus/tous-les-parcours/5539,2026-09-05
1-5589,5589,du Grand-Bourg,Pie-XI Nord / du Grand-Bourg,0,Information non disponible,https://www.rtcquebec.ca/horaires-et-trajets/horaires-des-bus/tous-les-parcours/5589,2026-09-05
1-5629,5629,des Collégiens,de l'Aéroport / des Collégiens,0,Information non disponible,https://www.rtcquebec.ca/horaires-et-trajets/horaires-des-bus/tous-les-parcours/5629,2026-09-05
1-5695,5695,T. Charlesbourg,Terminus Charlesbourg - Quai C7,1,Accessible selon le codage GTFS,https://www.rtcquebec.ca/horaires-et-trajets/horaires-des-bus/tous-les-parcours/5695,2026-09-05
1-5768,5768,Francheville5768,Sainte-Anne / Francheville,0,Information non disponible,https://www.rtcquebec.ca/horaires-et-trajets/horaires-des-bus/tous-les-parcours/5768,2026-09-05
1-5810,5810,Glazier/5810,V.-Delamarre / Glazier,0,Information non disponible,https://www.rtcquebec.ca/horaires-et-trajets/horaires-des-bus/tous-les-parcours/5810,2026-09-05
1-5869,5869,des Ombrettes,de la Volière / des Ombrettes,0,Information non disponible,https://www.rtcquebec.ca/horaires-et-trajets/horaires-des-bus/tous-les-parcours/5869,2026-09-05
1-5914,5914,Charron,J.-Juneau / Charron,0,Information non disponible,https://www.rtcquebec.ca/horaires-et-trajets/horaires-des-bus/tous-les-parcours/5914,2026-09-05
1-5963,5963,Sicotte/5963,Sicotte / au 3345,0,Information non disponible,https://www.rtcquebec.ca/horaires-et-trajets/horaires-des-bus/tous-les-parcours/5963,2026-09-05
1-6040,6040,A.-Huot,Route 138 / A.-Huot,0,Information non disponible,https://www.rtcquebec.ca/horaires-et-trajets/horaires-des-bus/tous-les-parcours/6040,2026-09-05
1-6193,6193,Copenhague/6193,de Fossambault / de Copenhague,1,Accessible selon le codage GTFS,https://www.rtcquebec.ca/horaires-et-trajets/horaires-des-bus/tous-les-parcours/6193,2026-09-05
1-6231,6231,Rotterdam/6231,de Rotterdam / au 100,0,Information non disponible,https://www.rtcquebec.ca/horaires-et-trajets/horaires-des-bus/tous-les-parcours/6231,2026-09-05
1-6274,6274,de la Fraternité,Larue / de la Fraternité,0,Information non disponible,https://www.rtcquebec.ca/horaires-et-trajets/horaires-des-bus/tous-les-parcours/6274,2026-09-05
1-6362,6362,des Saules,de la Concorde / des Saules Ouest,0,Information non disponible,https://www.rtcquebec.ca/horaires-et-trajets/horaires-des-bus/tous-les-parcours/6362,2026-09-05
1-6412,6412,de Fossambault,de Copenhague / de Fossambault,0,Information non disponible,https://www.rtcquebec.ca/horaires-et-trajets/horaires-des-bus/tous-les-parcours/6412,2026-09-05
1-6466,6466,Paquin/6466,de la Roselière / Paquin,1,Accessible selon le codage GTFS,https://www.rtcquebec.ca/horaires-et-trajets/horaires-des-bus/tous-les-parcours/6466,2026-09-05
1-6505,6505,Louis-XIV/6505,Louis-XIV / au 2706,0,Information non disponible,https://www.rtcquebec.ca/horaires-et-trajets/horaires-des-bus/tous-les-parcours/6505,2026-09-05
1-6550,6550,Vallée/6550,Vallée / au 25,0,Information non disponible,https://www.rtcquebec.ca/horaires-et-trajets/horaires-des-bus/tous-les-parcours/6550,2026-09-05
1-6588,6588,de l'Éducation,Langevin / de l'Éducation,0,Information non disponible,https://www.rtcquebec.ca/horaires-et-trajets/horaires-des-bus/tous-les-parcours/6588,2026-09-05
1-6626,6626,E.-Fraîches/6626,des Eaux-Fraîches / au 523,0,Information non disponible,https://www.rtcquebec.ca/horaires-et-trajets/horaires-des-bus/tous-les-parcours/6626,2026-09-05
1-6665,6665,Pie-XI,Industrielle / Pie-XI Nord,1,Accessible selon le codage GTFS,https://www.rtcquebec.ca/horaires-et-trajets/horaires-des-bus/tous-les-parcours/6665,2026-09-05
1-6719,6719,Chan.-Scott/6719,du Chanoine-Scott / au 770,0,Information non disponible,https://www.rtcquebec.ca/horaires-et-trajets/horaires-des-bus/tous-les-parcours/6719,2026-09-05
1-6757,6757,8e Rue,4e Avenue / de la Canardière,1,Accessible selon le codage GTFS,https://www.rtcquebec.ca/horaires-et-trajets/horaires-des-bus/tous-les-parcours/6757,2026-09-05
1-6809,6809,La Marche,Monfet / La Marche,0,Information non disponible,https://www.rtcquebec.ca/horaires-et-trajets/horaires-des-bus/tous-les-parcours/6809,2026-09-05
1-7015,7015,C. Parlementaire,R-Lévesque Est / H.-Mercier,1,Accessible selon le codage GTFS,https://www.rtcquebec.ca/horaires-et-trajets/horaires-des-bus/tous-les-parcours/7015,2026-09-05
1-7099,7099,Centre Vidéotron,Terminus ExpoCité - Quai A1,1,Accessible selon le codage GTFS,https://www.rtcquebec.ca/horaires-et-trajets/horaires-des-bus/tous-les-parcours/7099,2026-09-05
1-8601,8601,F.-Prime,Duchesneau / F.-Prime,1,Accessible selon le codage GTFS,https://www.rtcquebec.ca/horaires-et-trajets/horaires-des-bus/tous-les-parcours/8601,2026-09-05
1-11464,11464,du L.-St-Charles,Delage / du Lac-Saint-Charles,0,Information non disponible,NA,2026-09-05
