bibliotheque,region_administrative,population_desservie,categorie_bibliotheque,modalites_abonnement,visites_total,prets_total,usagers_inscrits_total,activites_total,depenses_fonctionnement_total
Amqui,01: Bas-Saint-Laurent,6129,Publique relevant directement d'une municipalité,Gratuite,NA,32871,1625,NA,197782.38
Matane,01: Bas-Saint-Laurent,16954,Publique relevant directement d'une municipalité,Gratuite,52306,82167,2380,170,809284.31
Mont-Joli,01: Bas-Saint-Laurent,7402,Publique relevant directement d'une municipalité,Gratuite,19217,48365,1656,99,508236
Rivière-du-Loup,01: Bas-Saint-Laurent,20472,Publique relevant directement d'une municipalité,Gratuite,112570,159184,8197,924,971743.8
Alma,02: Saguenay-Lac-Saint-Jean,30649,Publique relevant directement d'une municipalité,Gratuite,55024,153411,9732,450,1166488.45
Dolbeau-Mistassini,02: Saguenay-Lac-Saint-Jean,13717,Publique relevant directement d'une municipalité,Gratuite,21752,76923,2245,25,538498.29
Roberval,02: Saguenay-Lac-Saint-Jean,9887,Publique relevant directement d'une municipalité,Gratuite,12548,36480,943,90,599001.4
Saint-Félicien,02: Saguenay-Lac-Saint-Jean,10224,Publique relevant directement d'une municipalité,Gratuite,14242,43585,1296,60,298979.7
Baie-Saint-Paul,03: Capitale-Nationale,7600,Publique relevant directement d'une municipalité,Gratuite,21495,36748,1673,7,274125.13
Donnacona,03: Capitale-Nationale,7653,Publique relevant directement d'une municipalité,Gratuite,9490,29635,3107,39,219017.26
La Malbaie,03: Capitale-Nationale,8442,Publique relevant directement d'une municipalité,Gratuite,50119,54293,2340,231,453213.93
Lac-Beauport,03: Capitale-Nationale,8396,Publique relevant directement d'une municipalité,Gratuite,27620,52454,2278,8,327096.66
Québec,03: Capitale-Nationale,583336,Publique relevant directement d'une municipalité,Gratuite,3912319,3389902,203355,2189,23995138
Saint-Augustin-de-Desmaures,03: Capitale-Nationale,20590,Publique relevant directement d'une municipalité,Gratuite,56353,133258,4710,111,1106577.66
Sainte-Brigitte-de-Laval,03: Capitale-Nationale,8781,Publique relevant directement d'une municipalité,Gratuite,10057,22158,1400,4,128303.22
Shannon,03: Capitale-Nationale,6903,Publique relevant directement d'une municipalité,Gratuite,9752,21592,1600,16,251599.82
Stoneham-et-Tewkesbury,03: Capitale-Nationale,9947,Publique relevant directement d'une municipalité,Gratuite,19720,49284,2108,17,193160.01
La Tuque,04: Mauricie,11893,Publique relevant directement d'une municipalité,Gratuite,25170,34433,1366,53,436772.2
Louiseville,04: Mauricie,7565,Publique relevant directement d'une municipalité,Gratuite,12841,22782,666,36,204777.58
Shawinigan,04: Mauricie,51149,Publique relevant directement d'une municipalité,Gratuite,102102,197886,6841,375,1719490.26
Trois-Rivières,04: Mauricie,144472,Publique relevant directement d'une municipalité,Gratuite,1300000,1011769,46855,1658,6657450.8
Coaticook,05: Estrie,8893,Publique relevant d'une corporation distincte de la municipalité,Gratuite,21685,38181,2228,261,368370.84
Magog,05: Estrie,28790,Publique relevant directement d'une municipalité,Gratuite,387148,230962,9225,365,1618240
Sherbrooke,05: Estrie,181360,Publique relevant directement d'une municipalité,Gratuite,569931,962332,41484,916,5842582.62
Windsor,05: Estrie,9704,Publique relevant directement d'une municipalité,Gratuite,NA,127634,2722,33,434079
Baie-D'Urfé,06: Montréal,3710,Publique relevant d'une corporation distincte de la municipalité,Gratuite,18025,11666,1843,38,170199
Côte-Saint-Luc,06: Montréal,37833,Publique relevant directement d'une municipalité,Gratuite,322456,257599,9454,441,3879090.77
Dollard-des-Ormeaux,06: Montréal,50171,Publique relevant directement d'une municipalité,Gratuite,319271,289170,11164,519,4097761.39
Kirkland,06: Montréal,38854,Publique relevant directement d'une municipalité,Gratuite,131659,192058,7317,998,2299206.18
Montréal,06: Montréal,1895211,Publique relevant directement d'une municipalité,Gratuite,15064298,10830870,437258,29464,131577298
Montréal-Est,06: Montréal,4808,Publique relevant directement d'une municipalité,Gratuite,NA,26797,1204,140,634049.15
Pointe-Claire,06: Montréal,35429,Publique relevant directement d'une municipalité,Gratuite,188423,395301,18948,1883,3948998
Sainte-Anne-de-Bellevue,06: Montréal,6396,Publique relevant directement d'une municipalité,Gratuite,20487,23318,1557,82,392759.19
CRSBP de l'Outaouais inc.,07: Outaouais,55229,NA,NA,77709,137622,13216,2089,1100934
Cantley,07: Outaouais,12001,Publique relevant directement d'une municipalité,Gratuite,22677,42702,2758,25,291301.36
Gatineau,07: Outaouais,304787,Publique relevant directement d'une municipalité,Gratuite,2458003,1711650,92657,2765,13539458.61
Val-des-Monts,07: Outaouais,14037,Publique relevant directement d'une municipalité,Gratuite,22508,32651,1753,53,681414.35
Amos,08: Abitibi-Témiscamingue,12757,Publique relevant directement d'une municipalité,Gratuite,43747,62520,3962,241,777472
La Sarre,08: Abitibi-Témiscamingue,7188,Publique relevant directement d'une municipalité,Gratuite,116289,53625,1305,34,253207.96
Rouyn-Noranda,08: Abitibi-Témiscamingue,42827,Publique relevant directement d'une municipalité,Gratuite,196997,140366,9384,605,782761.2
Baie-Comeau,09: Côte-Nord,20684,Publique relevant directement d'une municipalité,Gratuite,89486,117044,4307,237,920020.64
CRSBP de la Côte-Nord inc,09: Côte-Nord,25761,NA,NA,62253,31593,5264,462,735537
Port-Cartier,09: Côte-Nord,6545,Publique relevant directement d'une municipalité,Gratuite,8089,34390,1384,54,318407
Chibougamau,10: Nord-du-Québec,7321,Publique relevant directement d'une municipalité,Gratuite,10985,17241,1429,11,397619.89
Chandler,11: Gaspésie-Iles-de-la-Madeleine,7419,Publique relevant directement d'une municipalité,Gratuite,NA,5526,318,NA,33618.69
Les Îles-de-la-Madeleine,11: Gaspésie-Îles-de-la-Madeleine,12428,Publique relevant directement d'une municipalité,Gratuite,10544,23718,2583,131,398558.57
Sainte-Anne-des-Monts,11: Gaspésie-Îles-de-la-Madeleine,6090,Publique relevant directement d'une municipalité,Gratuite,34164,36246,838,42,354878.19
Beauceville,12: Chaudière-Appalaches,6285,Publique relevant directement d'une municipalité,Gratuite,3200,25662,828,29,194679.83
CRSBP de la Capitale-Nationale et de la Chaudière-Appalaches,12: Chaudière-Appalaches,193724,NA,NA,113337,541736,30526,1702,2337743
Montmagny,12: Chaudière-Appalaches,10952,Publique relevant d'une corporation distincte de la municipalité,Gratuite,33901,47073,2461,125,348450.07
Saint-Georges,12: Chaudière-Appalaches,33546,Publique relevant directement d'une municipalité,Gratuite,89809,189606,5207,99,1283705
Saint-Henri,12: Chaudière-Appalaches,6009,Publique relevant directement d'une municipalité,Gratuite,2180,31888,1586,17,167050.17
Thetford Mines,12: Chaudière-Appalaches,30261,Publique relevant directement d'une municipalité,Gratuite,NA,133244,4281,582,875785
Laval,13: Laval,450629,Publique relevant directement d'une municipalité,Gratuite,3239199,2557329,59964,2159,20375191.31
Chertsey,14: Lanaudière,5478,Publique relevant directement d'une municipalité,Gratuite,27937,24900,1288,28,227648.81
Joliette,14: Lanaudière,38097,Publique relevant d'une corporation distincte de la municipalité,Gratuite,1095862,252337,11418,695,1857857
L'Épiphanie,14: Lanaudière,9090,Publique relevant directement d'une municipalité,Gratuite,17617,23808,1708,82,252078.87
Mascouche,14: Lanaudière,54540,Publique relevant directement d'une municipalité,Gratuite,125463,320393,14563,160,2126165.71
Notre-Dame-des-Prairies,14: Lanaudière,9528,Publique relevant d'une corporation distincte de la municipalité,Gratuite,44621,61607,2863,42,546203
Repentigny,14: Lanaudière,87980,Publique relevant directement d'une municipalité,Gratuite,487258,472828,38250,944,4315150.87
Saint-Calixte,14: Lanaudière,7194,Publique relevant directement d'une municipalité,Gratuite,12975,38074,1298,32,345495.8
Saint-Jacques,14: Lanaudière,4618,Publique relevant directement d'une municipalité,Gratuite,11713,19399,1080,29,225697.8
Saint-Lin-Laurentides,14: Lanaudière,25908,Publique relevant directement d'une municipalité,Gratuite,35868,78288,5262,69,472464.34
Sainte-Julienne,14: Lanaudière,11993,Publique relevant directement d'une municipalité,Gratuite,18200,50369,2090,74,427799.46
Blainville,15: Laurentides,61114,Publique relevant directement d'une municipalité,Gratuite,319097,492164,41947,451,2997483.61
Bois-des-Filion,15: Laurentides,10602,Publique relevant directement d'une municipalité,Gratuite,40149,75810,3924,90,1026793.87
Brownsburg-Chatham,15: Laurentides,7764,Publique relevant directement d'une municipalité,Gratuite,9798,22021,1048,39,329413.27
CRSBP des Laurentides,15: Laurentides,80746,NA,NA,150112,376445,18607,1204,1544643.52
Lachute,15: Laurentides,18158,Publique relevant directement d'une municipalité,Gratuite,78011,70451,2719,225,1098413.36
Lorraine,15: Laurentides,9680,Publique relevant directement d'une municipalité,Gratuite,26942,71303,4877,40,535290.46
Mont-Laurier,15: Laurentides,14521,Publique relevant directement d'une municipalité,Gratuite,24880,66465,2112,64,714506.69
Oka,15: Laurentides,6059,Publique relevant directement d'une municipalité,Gratuite,7999,17860,1014,54,196641.83
Pointe-Calumet,15: Laurentides,6257,Publique relevant directement d'une municipalité,Gratuite,8284,20179,889,41,253674
Rosemère,15: Laurentides,14138,Publique relevant directement d'une municipalité,Gratuite,79687,157366,5303,197,1425837
Saint-Colomban,15: Laurentides,18446,Publique relevant directement d'une municipalité,Gratuite,37752,158642,8292,338,1062453.26
Saint-Hippolyte,15: Laurentides,11650,Publique relevant directement d'une municipalité,Gratuite,22703,103167,2862,191,510904.5
Saint-Joseph-du-Lac,15: Laurentides,7276,Publique relevant directement d'une municipalité,Gratuite,15564,31374,1377,16,181061.79
Saint-Sauveur,15: Laurentides,15496,Publique relevant directement d'une municipalité,Gratuite,19299,72997,3405,22,541473.81
Sainte-Agathe-des-Monts,15: Laurentides,11726,Publique relevant directement d'une municipalité,Gratuite,NA,102237,5773,24,541720
Sainte-Anne-des-Plaines,15: Laurentides,15887,Publique relevant directement d'une municipalité,Gratuite,26796,70098,6388,128,771244
Sainte-Sophie,15: Laurentides,18890,Publique relevant directement d'une municipalité,Gratuite,12450,23256,2215,21,213343
Sainte-Thérèse,15: Laurentides,27003,Publique relevant directement d'une municipalité,Gratuite,284306,163335,10194,314,2236288.8
Acton Vale,16: Montérégie,7823,Publique relevant directement d'une municipalité,Gratuite,15579,29919,1142,38,298101.91
Beauharnois,16: Montérégie,14745,Publique relevant directement d'une municipalité,Gratuite,25233,62520,2742,31,821699.71
Boucherville,16: Montérégie,41726,Publique relevant directement d'une municipalité,Gratuite,200545,462481,13564,250,2929790.05
Brossard,16: Montérégie,95066,Publique relevant directement d'une municipalité,Gratuite,728889,506639,35105,809,5222227.01
CRSBP de la Montérégie,16: Montérégie,139302,NA,NA,101326,461646,18515,1165,2146255
Chambly,16: Montérégie,31692,Publique relevant directement d'une municipalité,Gratuite,59080,266939,15894,146,2983231.43
Châteauguay,16: Montérégie,52320,Publique relevant directement d'une municipalité,Gratuite,148326,194970,12189,244,2214385.01
Coteau-du-Lac,16: Montérégie,7681,Publique relevant directement d'une municipalité,Gratuite,85947,56462,1679,30,398454.6
Cowansville,16: Montérégie,18382,Publique relevant directement d'une municipalité,Gratuite,41843,120113,7470,312,936916.27
Farnham,16: Montérégie,10848,Publique relevant directement d'une municipalité,Gratuite,NA,46937,2740,27,284400.62
L'Île-Perrot,16: Montérégie,11678,Publique relevant directement d'une municipalité,Gratuite,39087,48374,4938,244,412148.52
La Prairie,16: Montérégie,27015,Publique relevant directement d'une municipalité,Gratuite,63001,155124,5447,258,930353.13
Les Coteaux,16: Montérégie,5938,Publique relevant directement d'une municipalité,Gratuite,18184,23518,876,29,208801.72
Les Cèdres,16: Montérégie,7226,Publique relevant directement d'une municipalité,Gratuite,22580,36794,1485,93,538921.38
Marieville,16: Montérégie,11778,Publique relevant directement d'une municipalité,Gratuite,41699,60240,3632,74,454474.76
McMasterville,16: Montérégie,6097,Publique relevant directement d'une municipalité,Gratuite,7324,26442,1585,9,140994
Mont-Saint-Hilaire,16: Montérégie,28443,Publique relevant directement d'une municipalité,Gratuite,129822,183433,6779,221,1282876.77
Pincourt,16: Montérégie,15095,Publique relevant directement d'une municipalité,Gratuite,NA,76180,7535,39,457335.96
Richelieu,16: Montérégie,5872,Publique relevant directement d'une municipalité,Gratuite,10466,21330,864,18,174342.52
Saint-Amable,16: Montérégie,13796,Publique relevant directement d'une municipalité,Gratuite,NA,68849,8946,83,598995.39
Saint-Basile-le-Grand,16: Montérégie,17302,Publique relevant directement d'une municipalité,Gratuite,52108,167082,4200,83,941148.05
Saint-Constant,16: Montérégie,31311,Publique relevant directement d'une municipalité,Gratuite,119227,212734,9944,174,907737
Saint-Césaire,16: Montérégie,6129,Publique relevant directement d'une municipalité,Gratuite,3929,8761,974,24,178247.74
Saint-Jean-sur-Richelieu,16: Montérégie,99494,Publique relevant directement d'une municipalité,Gratuite,561835,695986,27898,92,4631374.49
Saint-Lazare,16: Montérégie,28303,Publique relevant directement d'une municipalité,Gratuite,80790,122341,11132,83,754038.95
Saint-Philippe,16: Montérégie,8290,Publique relevant directement d'une municipalité,Gratuite,NA,45753,4488,60,361709.05
Saint-Rémi,16: Montérégie,9684,Publique relevant directement d'une municipalité,Gratuite,NA,53498,2074,91,487665.43
Saint-Zotique,16: Montérégie,10245,Publique relevant directement d'une municipalité,Gratuite,30612,51105,3469,22,506484.3
Sainte-Julie,16: Montérégie,30413,Publique relevant directement d'une municipalité,Gratuite,257835,408079,12308,405,1917655.1
Sainte-Martine,16: Montérégie,5734,Publique relevant directement d'une municipalité,Gratuite,9410,18735,1735,33,218019.54
Sorel-Tracy,16: Montérégie,42411,Publique relevant directement d'une municipalité,Gratuite,71118,310385,10854,510,1687900.33
Vaudreuil-Dorion,16: Montérégie,45442,Publique relevant directement d'une municipalité,Gratuite,163667,324935,9778,308,2569120.69
Verchères,16: Montérégie,5776,Autre : bibliothèque municipale-scolaire (primaire),Gratuite,19586,26740,1398,35,263818.37
Drummondville,17: Centre-du-Québec,82790,Publique relevant directement d'une municipalité,Gratuite,990276,631009,50890,428,3375711.73
Nicolet,17: Centre-du-Québec,8726,Publique relevant directement d'une municipalité,Gratuite,11804,31318,1557,45,318866.06
Princeville,17: Centre-du-Québec,6334,Publique relevant directement d'une municipalité,Gratuite,8275,26241,1276,186,272920.15
Victoriaville,17: Centre-du-Québec,53782,Publique relevant directement d'une municipalité,Gratuite,153128,349578,9735,154,2351799.78
Bibliothèque et Archives nationales du Québec -  Grande Bibliothèque,NA,NA,Autre : Bibliothèque nationale et publique,Gratuite,13623237,5451255,517090,1783,54879378
