station_id,station_name,region_code,region_administrative,municipalite,type_milieu,date_ouverture,date_fermeture,annee_ouverture,annee_fermeture
1810,Auclair,1,Bas-Saint-Laurent,Auclair,Forêt,1989-11-06,NA,1989,NA
1830,Marguerite,1,Bas-Saint-Laurent,Sainte-Marguerite-Marie,Forêt,1991-03-01,1997-06-12,1991,1997
2610,Rés. F. Ashuapmushuan - Pemonca,2,Saguenay-Lac-Saint-Jean,La Doré,Forêt,1990-10-01,NA,1990,NA
2001,Saguenay - Hôtel de ville,2,Saguenay-Lac-Saint-Jean,Saguenay,Urbain,1975-01-13,1982-09-20,1975,1982
2004,Saguenay - Saint-Jean-Eudes,2,Saguenay-Lac-Saint-Jean,Saguenay,Urbain,1975-01-13,1985-06-30,1975,1985
2008,Saguenay - Pont Arnaud,2,Saguenay-Lac-Saint-Jean,Saguenay,Urbain,1975-05-09,1993-06-12,1975,1993
2012,Saguenay - Morrisson,2,Saguenay-Lac-Saint-Jean,Saguenay,Urbain,1977-04-19,1983-07-29,1977,1983
2020,Saguenay - Racine,2,Saguenay-Lac-Saint-Jean,Saguenay,Urbain,1978-01-05,2001-05-07,1978,2001
2022,Saguenay - UQAC,2,Saguenay-Lac-Saint-Jean,Saguenay,Urbain,2002-09-24,NA,2002,NA
2201,Saguenay - Sainte-Cécile (1),2,Saguenay-Lac-Saint-Jean,Saguenay,Urbain,1982-01-07,1988-05-21,1982,1988
2205,Saguenay - du Port,2,Saguenay-Lac-Saint-Jean,Saguenay,Urbain,1986-11-04,1993-07-30,1986,1993
2207,Saguenay - Usine de filtration,2,Saguenay-Lac-Saint-Jean,Saguenay,Urbain,1993-08-05,1997-10-25,1993,1997
2621,Saguenay - Père Honorat,2,Saguenay-Lac-Saint-Jean,Saguenay,Urbain,1990-02-16,2013-10-07,1990,2013
2623,Saguenay - Saint-Henri,2,Saguenay-Lac-Saint-Jean,Saguenay,Urbain,1998-02-11,2000-07-20,1998,2000
3202,Deschambault-ALCOA,3,Capitale-Nationale,Deschambault-Grondines,Agricole,2004-06-11,2010-10-26,2004,2010
3713,Forêt Montmorency,3,Capitale-Nationale,Lac-Jacques-Cartier,Forêt,1988-05-01,1996-12-31,1988,1996
3003,Québec - Saint-Roch,3,Capitale-Nationale,Québec,Urbain,1975-01-01,1981-03-15,1975,1981
3005,Québec - Bardy,3,Capitale-Nationale,Québec,Urbain,1975-01-01,1980-11-25,1975,1980
3007,Québec - Dollard,3,Capitale-Nationale,Québec,Urbain,1975-01-01,1993-04-19,1975,1993
3011,Québec - Bibl. Monique-Corriveau,3,Capitale-Nationale,Québec,Urbain,2014-01-10,2025-07-12,2014,2025
3013,Québec - Port (B.P),3,Capitale-Nationale,Québec,Urbain,1994-01-02,1994-12-28,1994,1994
3015,Québec - Henri-Bourassa,3,Capitale-Nationale,Québec,Urbain,1976-07-05,1995-04-03,1976,1995
3017,Québec - Gomin,3,Capitale-Nationale,Québec,Urbain,1979-12-01,1998-08-17,1979,1998
3020,Québec - Parc Victorin-Beaucage,3,Capitale-Nationale,Québec,Urbain,1986-01-02,NA,1986,NA
3023,Québec - Saint-Ange,3,Capitale-Nationale,Québec,Urbain,1991-01-03,2005-10-11,1991,2005
3030,Québec - La Canardière,3,Capitale-Nationale,Québec,Urbain,1992-01-07,1992-12-20,1992,1992
3033,Québec - Place Jaques-Cartier,3,Capitale-Nationale,Québec,Urbain,1992-01-07,1992-12-20,1992,1992
3035,"Québec - Port, Édifice 85",3,Capitale-Nationale,Québec,Urbain,1992-01-07,1992-12-20,1992,1992
3037,"Québec - Port, Édifice 5208",3,Capitale-Nationale,Québec,Urbain,1992-01-07,1992-12-20,1992,1992
3042,Québec - École Montmorency,3,Capitale-Nationale,Québec,Urbain,1977-01-12,1983-12-26,1977,1983
3055,Québec - Dorchester,3,Capitale-Nationale,Québec,Urbain,1975-01-01,1983-10-20,1975,1983
3090,Québec - Presbytère,3,Capitale-Nationale,Québec,Urbain,1979-01-03,1983-12-26,1979,1983
3093,Québec - Vitré,3,Capitale-Nationale,Québec,Urbain,1981-03-03,2025-07-12,1981,2025
3097,Québec - CLSC Basse-Ville,3,Capitale-Nationale,Québec,Urbain,2017-12-19,2019-09-30,2017,2019
3701,Sainte-Catherine-de-la-Jacques-Cartier,3,Capitale-Nationale,Sainte-Catherine-de-la-Jacques-Cartier,Agricole,1995-04-10,2018-04-12,1995,2018
4402,La Tuque - Du parc roulotte,4,Mauricie,La Tuque,Urbain,1987-03-04,1989-02-06,1987,1989
4418,La Tuque - Saint-Michel,4,Mauricie,La Tuque,Urbain,1987-03-04,2001-05-31,1987,2001
4120,Shawinigan - Garage municipal,4,Mauricie,Shawinigan,Urbain,1975-01-04,1982-12-09,1975,1982
4123,Shawinigan - Stade municipal,4,Mauricie,Shawinigan,Urbain,1975-01-04,2002-05-14,1975,2002
4126,Shawinigan - Saint-Joseph,4,Mauricie,Shawinigan,Urbain,1986-01-02,2015-06-02,1986,2015
4131,Shawinigan - Immaculée-Conception,4,Mauricie,Shawinigan,Urbain,1985-04-01,1995-04-09,1985,1995
4133,Shawinigan - Caserne pompier,4,Mauricie,Shawinigan,Urbain,1985-04-19,1995-04-09,1985,1995
4010,Trois-Rivières - Saint-Quentin,4,Mauricie,Trois-Rivières,Urbain,1975-01-04,1984-08-16,1975,1984
4019,Trois-Rivières - Ursulines,4,Mauricie,Trois-Rivières,Urbain,1975-06-18,2011-06-28,1975,2011
4021,Trois-Rivières - École MEES,4,Mauricie,Trois-Rivières,Urbain,2014-07-23,NA,2014,NA
4043,Trois-Rivières - Des Vétérans,4,Mauricie,Trois-Rivières,Urbain,1989-04-30,1990-06-30,1989,1990
4048,Trois-Rivières - Cap-de-la-Madeleine,4,Mauricie,Trois-Rivières,Urbain,1975-08-12,NA,1975,NA
4050,Trois-Rivières - École Saint-Eugène,4,Mauricie,Trois-Rivières,Urbain,1986-01-14,1996-04-27,1986,1996
4052,Trois-Rivières - Rés. Louis-Denoncourt,4,Mauricie,Trois-Rivières,Urbain,1985-04-01,NA,1985,NA
5800,Eastman - Lac Stukely,5,Estrie,Eastman,Forêt,1989-04-22,2016-09-13,1989,2016
5810,La Patrie,5,Estrie,La Patrie,Forêt,1991-01-23,NA,1991,NA
5503,Lac-Mégantic - Fatima,5,Estrie,Lac-Mégantic,Urbain,2014-04-29,2015-11-02,2014,2015
5013,Sherbrooke - Parc Webster,5,Estrie,Sherbrooke,Urbain,1975-04-12,2013-09-17,1975,2013
5015,Sherbrooke - Portland,5,Estrie,Sherbrooke,Urbain,1975-04-18,1985-03-26,1975,1985
5017,Sherbrooke - École Bussières,5,Estrie,Sherbrooke,Urbain,1985-04-07,1993-04-19,1985,1993
5019,Sherbrooke - Parc Sylvie-Daigle,5,Estrie,Sherbrooke,Urbain,2023-03-16,NA,2023,NA
5206,Val-des-Sources - Centre culturel,5,Estrie,Val-des-Sources,Urbain,1976-01-01,1989-06-27,1976,1989
5208,Val-des-Sources - École Saint-Jean,5,Estrie,Val-des-Sources,Urbain,1976-07-23,1984-08-29,1976,1984
5210,Val-des-Sources - École Castonguay,5,Estrie,Val-des-Sources,Urbain,1989-07-03,1995-04-09,1989,1995
7001,Gatineau - Gamelin,7,Outaouais,Gatineau,Urbain,1977-04-01,1997-02-09,1977,1997
7400,Parc de la Gatineau - La-Pêche,7,Outaouais,La Pêche,Forêt,1989-03-11,NA,1989,NA
8006,"Rouyn-Noranda - 250, 6e Rue",8,Abitibi-Témiscamingue,Rouyn-Noranda,Urbain,2001-11-21,2022-11-10,2001,2022
8008,Rouyn-Noranda - rue des Lilas,8,Abitibi-Témiscamingue,Rouyn-Noranda,Urbain,2023-12-16,NA,2023,NA
8040,Rouyn-Noranda - Hôtel de ville,8,Abitibi-Témiscamingue,Rouyn-Noranda,Urbain,1975-01-01,1992-09-21,1975,1992
8042,Rouyn-Noranda - Parc Tremblay,8,Abitibi-Témiscamingue,Rouyn-Noranda,Urbain,1985-08-14,NA,1985,NA
8044,Rouyn-Noranda - Mgr Rhéaume Est,8,Abitibi-Témiscamingue,Rouyn-Noranda,Urbain,2002-12-05,NA,2002,NA
8046,Rouyn-Noranda - Usine traitement eau,8,Abitibi-Témiscamingue,Rouyn-Noranda,Urbain,2002-06-19,2010-05-15,2002,2010
8048,Rouyn-Noranda - Caserne de pompier,8,Abitibi-Témiscamingue,Rouyn-Noranda,Urbain,2005-04-14,2010-05-15,2005,2010
8050,Rouyn-Noranda - Cégep,8,Abitibi-Témiscamingue,Rouyn-Noranda,Urbain,2024-01-09,NA,2024,NA
8400,Témiscaming - Hôtel de ville,8,Abitibi-Témiscamingue,Témiscaming,Urbain,1991-01-12,1996-07-25,1991,1996
9176,Baie-Comeau - Centre culturel,9,Côte-Nord,Baie-Comeau,Urbain,1985-12-18,2001-07-10,1985,2001
9001,Sept-Îles,9,Côte-Nord,Sept-Îles,Urbain,2024-07-16,NA,2024,NA
9053,Sept-Îles - de Quen,9,Côte-Nord,Sept-Îles,Urbain,1975-01-04,1995-04-27,1975,1995
9055,Sept-Îles - Mgr Blanche,9,Côte-Nord,Sept-Îles,Urbain,1975-01-04,1978-06-10,1975,1978
9057,Sept-Îles - Laure (2),9,Côte-Nord,Sept-Îles,Urbain,1975-01-24,1983-12-26,1975,1983
9059,Sept-Îles - Pompe 5,9,Côte-Nord,Sept-Îles,Urbain,1977-01-01,1983-12-26,1977,1983
9061,Sept-Îles - Gamache,9,Côte-Nord,Sept-Îles,Urbain,2012-06-21,2013-06-17,2012,2013
10200,Radisson,10,Nord-du-Québec,Eeyou Istchee Baie-James,Forêt,2017-11-28,NA,2017,NA
1803,Murdochville - Garage municipal,11,Gaspésie-Iles-de-la-Madeleine,Murdochville,Urbain,1976-04-28,1989-02-27,1976,1989
1805,Murdochville - Parc Lions,11,Gaspésie-Iles-de-la-Madeleine,Murdochville,Urbain,2005-01-01,2008-10-29,2005,2008
3026,Lévis - Route des Îles (UM),12,Chaudière-Appalaches,Lévis,Urbain,1983-06-18,1985-05-22,1983,1985
3061,Lévis - Charny,12,Chaudière-Appalaches,Lévis,Urbain,2002-05-01,2015-11-18,2002,2015
3720,Notre-Dame-du-Rosaire,12,Chaudière-Appalaches,Notre-Dame-du-Rosaire,Forêt,1989-05-16,2025-06-23,1989,2025
3404,Sainte-Marie - Hôtel de ville,12,Chaudière-Appalaches,Sainte-Marie,Urbain,2002-05-14,2005-09-01,2002,2005
3122,Thetford Mines - Maison de la culture,12,Chaudière-Appalaches,Thetford Mines,Urbain,1975-01-01,2004-08-31,1975,2004
3124,Thetford Mines - École polyvalente,12,Chaudière-Appalaches,Thetford Mines,Urbain,1975-01-06,1983-12-26,1975,1983
3126,Thetford Mines - Ultramar,12,Chaudière-Appalaches,Thetford Mines,Urbain,1975-01-01,1982-12-31,1975,1982
3128,Thetford Mines - Saint-Maurice,12,Chaudière-Appalaches,Thetford Mines,Urbain,1978-04-30,1983-12-26,1978,1983
3132,Black Lake - École Saint-Louis,12,Chaudière-Appalaches,Thetford Mines,Urbain,1975-01-01,NA,1975,NA
3135,Thetford Mines - Saint-Désiré,12,Chaudière-Appalaches,Thetford Mines,Urbain,1981-01-04,1983-12-26,1981,1983
6202,Laval - Vimont,13,Laval,Laval,Urbain,1976-01-07,1993-01-07,1976,1993
6204,Laval - Saint-François,13,Laval,Laval,Urbain,1976-01-01,1993-01-07,1976,1993
6440,Berthierville,14,Lanaudière,Berthierville,Urbain,1975-01-07,1981-08-08,1975,1981
6351,Joliette - Craig plumbing,14,Lanaudière,Joliette,Urbain,1975-01-07,1981-12-30,1975,1981
6353,Saint-Jérôme - Usine filtration,14,Lanaudière,Joliette,Urbain,1975-01-08,1984-08-22,1975,1984
6355,Joliette - Graymont,14,Lanaudière,Joliette,Urbain,1997-12-06,NA,1997,NA
6300,Terrebonne - Parc Vaillant,14,Lanaudière,Terrebonne,Urbain,2016-11-15,NA,2016,NA
6380,Mirabel - Saint-Hermas,15,Laurentides,Mirabel,Urbain,1975-11-07,1985-12-15,1975,1985
6301,Saint-Eustache,15,Laurentides,Saint-Eustache,Urbain,1975-01-01,1976-07-21,1975,1976
6329,Saint-Jérôme - Rés. Marie-Lucie,15,Laurentides,Saint-Jérôme,Urbain,1993-05-31,2024-03-07,1993,2024
6725,Beauharnois - Usine filtration,16,Montérégie,Beauharnois,Urbain,1975-02-02,1982-11-17,1975,1982
6760,Brossard - Parc Océanie,16,Montérégie,Brossard,Urbain,1993-04-05,2016-01-26,1993,2016
6807,Projet Mercier 1,16,Montérégie,Mercier,Urbain,2008-07-08,2011-11-24,2008,2011
6804,Saint-Anicet,16,Montérégie,Saint-Anicet,Agricole,1994-06-18,NA,1994,NA
6809,Projet Mercier 3,16,Montérégie,Saint-Isidore,Urbain,2008-07-08,2011-11-24,2008,2011
6673,Saint-Joseph-de-Sorel - Martel 1,16,Montérégie,Saint-Joseph-de-Sorel,Urbain,1975-01-02,2023-10-23,1975,2023
6802,Rémi,16,Montérégie,Saint-Rémi,Agricole,1989-01-03,1999-05-06,1989,1999
6801,Saint-Étienne-de-Beauharnois,16,Montérégie,Saint-Étienne-de-Beauharnois,Agricole,1984-05-30,1987-10-13,1984,1987
6682,Salaberry-de-Valleyfield - St-Onge,16,Montérégie,Salaberry-de-Valleyfield,Urbain,1979-02-02,1981-11-06,1979,1981
6685,Salab.-de-Valleyfield - École St-Esprit,16,Montérégie,Salaberry-de-Valleyfield,Urbain,2002-04-28,2003-04-05,2002,2003
6674,Sorel-Tracy - Marie-Victorin,16,Montérégie,Sorel-Tracy,Urbain,1975-01-03,1984-07-23,1975,1984
6610,Varennes - Sainte-Anne,16,Montérégie,Varennes,Urbain,1975-01-12,1981-05-28,1975,1981
6612,Varennes - Côte-d'en-Bas,16,Montérégie,Varennes,Urbain,1978-04-02,1993-04-25,1978,1993
6614,Varennes 2,16,Montérégie,Varennes,Urbain,2000-02-16,2011-01-14,2000,2011
4501,Bécancour - Aréna,17,Centre-du-Québec,Bécancour,Urbain,1986-01-02,1995-08-31,1986,1995
4503,Gentilly - Hydro-Québec,17,Centre-du-Québec,Bécancour,Urbain,1985-09-19,1998-04-16,1985,1998
4505,Gentilly - Garage Ford,17,Centre-du-Québec,Bécancour,Urbain,1995-02-01,1998-04-16,1995,1998
4761,Lemieux,17,Centre-du-Québec,Lemieux,Agricole,2000-01-01,2016-09-21,2000,2016
4711,Saint-Zéphirin-de-Courval,17,Centre-du-Québec,Saint-Zéphirin-de-Courval,Agricole,1988-11-07,NA,1988,NA
4730,Tingwick,17,Centre-du-Québec,Tingwick,Agricole,1988-08-01,NA,1988,NA
