no_bqma,superf_qc_km2,superf_tot_km2,frontiere,pc_foret,pc_agricole,pc_anthropique,pc_aquatique,pc_humide,pc_coupe_regen,pc_sol_nu,pc_non_classe,annee_utilisation_territoire
02340050,6675.13,6675.13,EU,60.2,19.8,3.8,1.6,12.1,2.4,0,0,2020
02260002,292.51,292.51,,46.9,36.3,3.8,0.4,10.2,2.1,0.3,0,2020
03040073,29.25,29.25,,3.7,92.9,0.8,0,2.5,0,0,0,2020
03040075,14.17,14.17,,1,96.1,1.8,0.1,1,0,0,0,2020
05040002,2385.85,2385.85,,78.4,5.4,1.4,4.7,6.7,3.3,0.1,0,2020
05040006,219.39,219.39,,67,18.7,2,5.3,5.9,1.1,0,0,2020
05040119,178.6,178.6,,54.1,26.9,3,1,10.9,4.1,0,0,2020
05040142,41.18,41.18,,36.3,53.5,3.7,0.2,6.3,0,0,0,2020
05040140,212.8,212.8,,69,16.4,2,5.4,6.1,1.1,0,0,2020
05040141,183.51,183.51,,72.1,12.5,1.7,5.9,6.6,1.2,0,0,2020
05040143,54.76,54.76,,38.9,55.1,2.9,0.2,2.8,0.2,0,0,2020
05040144,1789.91,1789.91,,81.7,2.9,1.2,4.2,6.8,3.1,0.1,0,2020
05040145,1535.61,1535.61,,84.7,1.4,0.8,4.3,5.8,3,0.1,0,2020
05040147,2444.14,2444.14,,77.5,6.6,1.4,4.6,6.6,3.2,0.1,0,2020
01170001,2680,2698.7,NB,74,6.4,1.8,5,10,2.8,0,0,2020
01170022,252.64,258.53,NB,80.4,4.4,2.5,4.6,4.7,3.4,0,0,2020
02200019,1583.72,1605.27,NB,75.4,4,0.8,4.2,11.3,4.2,0,0,2020
02250002,489.59,489.59,,74.9,2,0.4,0.9,16.9,4.8,0.1,0,2020
02250005,1048.31,1048.31,,66.9,9.3,2.6,1.6,16.3,3.4,0,0,2020
02300001,211.29,211.29,,14.9,67.6,3.9,0.6,12.9,0,0,0,2020
02300002,65.06,65.06,,17.3,76.5,1.7,0,4.5,0,0,0,2020
02300003,37.74,37.74,,19.4,66.5,4.9,0.1,9.1,0,0,0,2020
02300004,20.96,20.96,,24.5,45.7,1.6,0.1,28.1,0,0,0,2020
02300005,20.84,20.84,,10.8,77.2,1.7,0,10.3,0,0,0,2020
02310004,1269.85,1269.85,,67.7,20.8,2.2,0.7,7.1,1.5,0,0,2020
02330001,1466.13,1466.13,,56.7,28.2,4.3,1,8.4,1.4,0,0,2020
02330010,99.31,99.31,,88.9,0.2,1.6,0.5,6.4,2.3,0,0,2020
02330029,20.69,20.69,,20.1,45.4,7.5,0.2,26.8,0,0,0,2020
02340004,4084.19,4085.21,EU,70.3,10,2.8,2,11.7,3.2,0,0,2020
02340006,1134.85,1135.95,EU,76.7,5,2.4,4,8.6,3.3,0.1,0,2020
02340014,5722.16,5723.18,EU,65.7,16.6,3.3,1.6,10.2,2.5,0,0,2020
02340033,6619.37,6620.39,EU,60.5,19.8,3.6,1.6,12,2.5,0,0,2020
02340034,705.3,705.3,,30.3,39,3.1,0.3,24.7,2.5,0,0,2020
02340051,165.01,165.01,,17,56.7,1.2,0.1,23.2,1.7,0,0,2020
02340086,21.73,21.73,,12.3,77.1,4.3,0,6.3,0,0,0,2020
02340091,5.22,5.22,,40.3,51.2,3.4,0.2,5,0,0,0,2020
02340092,2.51,2.51,,41.8,52.5,1.4,0.3,3.7,0.2,0,0,2020
02340093,29.49,29.49,,54.7,31.5,3.6,0.3,9.3,0.6,0,0,2020
02340098,18.39,18.39,,56.6,37.7,0.9,0.1,3.6,1.1,0,0,2020
02340099,58.66,58.66,,19.1,66.8,0.8,0,12.7,0.6,0,0,2020
02400004,2596.24,2596.24,,44.8,31.5,4.7,1.4,15.8,1.9,0,0,2020
02400005,228.73,228.73,,52.8,13.2,23.9,1.2,7.6,1.2,0.1,0,2020
02400006,634.52,634.52,,60,19,9.8,2.5,6.9,1.8,0.1,0,2020
02E90001,75.2,75.2,,20.1,62,8.6,0,8.1,0.9,0.2,0,2020
02E90002,55.97,55.97,,18.8,64.8,9.1,0,6.2,1.1,0,0,2020
03010007,740.01,740.01,,46,39.5,4.5,1.1,6.5,2.4,0,0,2020
03010008,1668.3,1668.3,,38.6,44.1,4.6,1,9.7,2,0,0,2020
03010009,1577.07,1577.07,,36,43.2,3.9,0.8,13.9,2.2,0,0,2020
03010036,952.63,952.63,,47.4,33,4.4,0.9,11.2,3,0,0,2020
03010038,151.8,151.8,,30,59.4,4.3,0.4,4.8,1.1,0,0,2020
03020031,8638.01,10164.1,EU,50.9,21.4,5,4,15.9,2.7,0,0,2020
03020035,6582.15,8108.25,EU,54,18.7,4.5,4.2,15.7,2.9,0,0,2020
03020037,562.64,1829.87,EU,53.7,11.4,7.5,14.8,11.1,1.4,0,0,2020
03020040,4240.71,4240.71,,59.8,12.5,2.1,3.5,18.6,3.5,0,0,2020
03020042,1019.35,1019.35,,66.3,6.7,1,1.1,21.1,3.7,0,0,2020
03020073,514.19,1781.41,EU,54.1,11.3,6,16,11.1,1.5,0,0,2020
03020081,7613.22,9139.31,EU,53.7,19,4.5,4.2,15.7,2.9,0,0,2020
03020082,1419.88,1678.75,EU,41.2,40.2,3.9,2.1,10.5,2,0,0,2020
03020176,771.32,2038.55,EU,49.6,12.2,13.5,12.6,10.6,1.4,0,0,2020
03020187,49.43,49.43,,70.1,4.8,12.6,3.2,8.5,0.3,0.4,0,2020
03020243,8392.31,9918.4,EU,51.8,20.5,5.1,4,15.8,2.7,0,0,2020
03020333,362.09,532.39,EU,33.8,52.5,4.4,0.7,7.3,1.3,0,0,2020
03030003,1501.24,1501.24,,32.7,47.2,4.7,0.6,13.4,1.3,0,0,2020
03030008,97.82,97.82,,48.2,36.2,3,0.2,11.9,0.5,0,0,2020
03030023,4463.58,4463.58,,27.1,54.2,6.1,1.3,10.5,0.8,0,0,2020
03030026,1623.95,1623.95,,37.3,40.3,8.6,2.3,10.7,0.8,0,0,2020
03030031,412.78,412.78,,56,26.1,6,1,10.3,0.6,0,0,2020
03030038,161.92,161.92,,7,80.6,2.9,0.3,9,0.1,0,0,2020
03030041,174.34,174.34,,72.2,15.8,1.9,0.6,9.3,0.2,0,0,2020
03030094,186.41,186.41,,55.2,13.1,7.6,8.6,14.4,1,0,0,2020
03030096,138.04,138.04,,10.7,79.4,4.8,0.3,4.7,0.1,0,0,2020
03030108,257.26,257.26,,40.9,25.4,16.6,3.9,11.8,1.4,0,0,2020
03030123,3760.12,3760.12,,30.4,49.8,6.8,1.4,10.7,0.9,0,0,2020
03030199,436.81,436.81,,49.1,20.7,9.6,4.3,15,1.4,0,0,2020
03030237,91.09,91.09,,3.3,85,3.8,0.4,7.1,0.4,0,0,2020
03040007,311.43,311.43,,10.4,78.9,7.2,0.3,3,0.1,0.1,0,2020
03040009,3899.41,23817.28,EU,23.8,56,8.3,3.2,8.4,0.3,0,0,2020
03040010,2141.51,22056.12,EU,34,47.1,4.3,4.5,9.7,0.4,0,0,2020
03040012,1426.22,21336.96,EU,48.1,33.6,3.2,4.8,9.7,0.6,0,0,2020
03040015,484.75,586.29,EU,32.3,51.2,2.8,0.8,12.2,0.7,0,0,2020
03040017,3380.06,23297.93,EU,25.4,53.9,8.6,3.4,8.4,0.3,0,0,2020
03040066,31.31,31.31,,13.2,75.4,2.6,0.1,8.1,0.6,0,0,2020
03040071,112.14,112.14,,13.6,71.3,2.5,0.2,11.8,0.7,0,0,2020
03040108,1.15,360,EU,31.9,40.3,0.9,3.9,23,0,0,0,2020
03040109,473.08,941.36,EU,76.9,8.4,2.8,1.8,9.3,0.8,0,0,2020
03040110,146.19,146.19,,72.7,16.1,4.8,0.6,5.4,0.4,0,0,2020
03040111,17.23,96.07,EU,77.2,15.8,0.6,0.4,5.5,0.5,0,0,2020
03040112,1.47,72.29,EU,19.8,74.5,0.9,0.1,4.7,0,0,0,2020
03040113,50.9,127.65,EU,33.9,56,2.4,0.7,6.9,0.1,0,0,2020
03040116,377.9,381,EU,7.9,75.1,6,0.2,10.5,0.2,0,0,2020
03090001,1369.79,2435.87,EU,24.2,60.4,2.9,0.9,11.2,0.3,0.2,0,2020
03090002,523.18,677.4,EU,32.1,51.3,2.9,0.6,12.5,0.4,0.2,0,2020
03090003,235.55,1105.31,EU,23.7,58.7,3.2,1,13.3,0.1,0,0,2020
03090005,4.07,430.83,EU,45.7,25.7,2.8,2.6,22.5,0.7,0,0,2020
03090009,3.15,277.43,EU,22.3,49.1,14.1,3.4,10.8,0.3,0,0,2020
03090046,212.6,219.71,EU,24.8,58.1,3.2,0.2,13.3,0.4,0,0,2020
03090047,0.24,112.15,EU,54.5,38,2.2,2,3.2,0,0,0,2020
03110003,165.75,165.75,,7.5,79.2,3.2,0.8,9.2,0.2,0,0,2020
04010002,2076.31,2076.31,,66.6,7.1,10.3,6.2,9.6,0.2,0,0,2020
04010008,1305.1,1305.1,,69.7,3.1,12.1,6.4,8.5,0.2,0,0,2020
04010010,1027.62,1027.62,,74.9,0.2,8.4,7.2,9.1,0.2,0,0,2020
04020001,5557.85,5557.85,,76.2,2,2.4,7.8,7.3,4.2,0,0,2020
04020103,1185.9,1185.9,,78.4,0.6,4,7.3,9.4,0.4,0.1,0,2020
04040001,2249.32,2249.32,,73.8,6.9,1.7,10.2,6.3,1.1,0,0,2020
04040039,1052.24,1052.24,,76.4,0.5,0.6,15.8,5.1,1.6,0,0,2020
04060001,5028.43,5028.43,,75.3,2.3,0.8,8.4,7.2,5.9,0,0,2020
04060004,9485.44,9485.44,,76.6,2.9,1.1,9.2,6.4,3.8,0,0,2020
04080003,23818.2,23818.2,,72.5,1.4,0.6,11.5,10.4,3.5,0,0,2020
04080254,15837.69,15837.69,,71.6,0,0.3,12.6,11.2,4.2,0.1,0,2020
04300002,3028.6,3028.6,,47.2,4,2.3,8,31.3,6.1,1.2,0,2020
04310002,93682.99,143159.33,ON,68.9,2.6,0.9,11.5,13.1,2.9,0.1,0,2020
04310010,23589.46,23589.46,,58.2,1.5,0.6,12.6,23.6,3.3,0.4,0,2020
04640003,403.76,403.76,,21.2,49.1,21.2,0.5,7.8,0.2,0,0,2020
05010007,42898.46,42898.46,,64.7,0.2,0.6,11.3,10.2,12.6,0.3,0,2020
05010013,32044.27,32044.27,,62.2,0.1,0.3,12.2,11.3,13.4,0.4,0,2020
05010014,42163.91,42163.91,,64.7,0.1,0.5,11.4,10.2,12.8,0.3,0,2020
05010035,490,490,,77.2,2.7,2.6,8.3,6.7,2.5,0,0,2020
05010386,28523.9,28523.9,,60.6,0,0.3,13,11.7,14.1,0.4,0,2020
05030001,4624.41,4624.41,,75.6,5.1,1.2,7.2,7,3.8,0.1,0,2020
05030113,64.07,64.07,,81.4,1.8,1.5,8.7,5.1,1.5,0,0,2020
05030114,470.93,470.93,,58.3,25.2,2.7,4.4,6.9,2.6,0,0,2020
05040007,2712.84,2712.84,,74.5,9.3,1.6,4.3,7,3.2,0.1,0,2020
05040113,776.35,776.35,,85,1.5,0.2,4.7,5.2,3.4,0,0,2020
05040116,1580.38,1580.38,,83.3,1.9,0.9,4.3,6.5,3,0.1,0,2020
05040138,350.43,350.43,,72.9,7.3,1.3,7.2,5.7,5.7,0,0,2020
05040139,132.84,132.84,,86.2,0.1,0.8,4.6,5.4,2.9,0,0,2020
05080004,1748.2,1748.2,,80.9,0,1.3,4.5,9.6,3.6,0,0,2020
05080053,98.26,98.26,,39,28.7,11.1,0.2,20.1,0.8,0,0,2020
05080105,2470.87,2470.87,,76.1,2.9,3,4.5,10.2,3.2,0,0,2020
05090002,515.56,515.56,,55.8,5.4,27.6,2.2,7.3,1.8,0,0,2020
05090003,348.15,348.15,,70.7,2.1,14.5,2.9,7.3,2.5,0,0,2020
05090016,170.04,170.04,,74.5,1.4,11.5,3.9,4.4,4.3,0,0,2020
05090017,526.68,526.68,,54.6,5.3,29,2.2,7.1,1.8,0,0,2020
05220001,1281.31,1281.31,,78.4,4.1,3.7,5.6,4,4.1,0.2,0,2020
05220003,4192.61,4192.61,,63.3,16.6,6,4.8,6.3,2.9,0.1,0,2020
05220004,1371.57,1371.57,,74.1,7.1,5.1,5.3,4.3,3.9,0.2,0,2020
05220005,644.29,644.29,,50.9,26.9,9.7,3.6,8.2,0.6,0,0,2020
05220006,216.22,216.22,,41.8,41.1,8.1,1.1,7.1,0.9,0,0,2020
05220012,1684.7,1684.7,,70.2,10,4.1,5.8,6.2,3.6,0.1,0,2020
05220017,503.68,503.68,,83.6,0.1,0.7,6.7,4.2,4.7,0,0,2020
05220063,73.08,73.08,,10.7,54.5,5.5,0.8,28,0.5,0,0,2020
05220239,28.15,28.15,,11.4,77.2,9.6,0.3,1.5,0,0,0,2020
05220240,32.15,32.15,,9.2,56.4,32.7,0,1.6,0.1,0,0,2020
05220241,27.5,27.5,,27.4,65.3,3.1,0.1,4.2,0,0,0,2020
05220249,14.16,14.16,,10,87.5,1.6,0,0.9,0,0,0,2020
05230001,144.6,144.6,,15.6,67.9,9.3,0.5,6.1,0.6,0,0,2020
05240001,363.96,363.96,,35.2,54.4,5.9,0.8,3.1,0.6,0.1,0,2020
05260003,1096.28,1096.28,,71.7,9.3,2.3,6.7,5.3,4.5,0.3,0,2020
05260015,761.09,761.09,,76.5,2.5,2,8,5.1,5.6,0.4,0,2020
05280001,1506.24,1506.24,,70.8,8.3,1.1,7.6,5.4,6.8,0.1,0,2020
05280019,1359.31,1359.31,,75.5,2.1,0.8,8.3,5.8,7.5,0.1,0,2020
05280020,762.73,762.73,,74.9,0,0,8.7,6.1,10.2,0,0,2020
06120001,126.58,126.58,,31.1,58.5,3.2,1.1,5.6,0.4,0.1,0,2020
06200001,618.4,618.4,,28.6,46.9,1.9,1.3,16.6,4.5,0.1,0,2020
06290002,79865.59,79865.59,,51.7,2.1,0.6,9.5,15,19.6,1.5,0,2020
06290012,72773.48,72773.48,,50.3,1.9,0.4,9.8,15.3,20.7,1.6,0,2020
06290013,72944.39,72944.39,,50.3,2,0.4,9.8,15.3,20.7,1.6,0,2020
08010004,1187.81,1187.81,,32.4,2,4.5,6,51.4,3.7,0.1,0,2020
08010060,170.61,170.61,,37.6,0,1.8,3.1,53.3,4.1,0,0,2020
08010061,366.38,366.38,,31.6,0,2.7,9.1,53.9,2.7,0,0,2020
08010062,676.58,676.58,,32.5,1.7,4.7,6.2,51.2,3.5,0.1,0,2020
08010063,3698.79,3698.79,,36.3,5.9,3.8,9.5,40.9,3.4,0.2,0,2020
08010064,3616.9,3616.9,,36.1,5.8,3.6,9.7,41.2,3.5,0.2,0,2020
02330034,128.35,128.35,,20.9,61.9,4.2,0.1,12.7,0.1,0,0,2020
02330035,5.34,5.34,,16.7,66.9,4.7,0.1,11.3,0.2,0,0,2020
02330036,79.23,79.23,,22.5,65.5,3.9,0.2,7.7,0.2,0,0,2020
02330037,46.94,46.94,,23.8,65.2,3,0.2,7.7,0.2,0,0,2020
02330038,28.68,28.68,,28.6,63.7,3.7,0.1,3.6,0.2,0,0,2020
02330039,13.79,13.79,,34.6,58.4,1.2,0.2,5.1,0.5,0,0,2020
02330049,228.01,228.01,,17.6,64.7,3.9,0.2,13.5,0.1,0,0,2020
03090019,83.28,396.21,EU,12.7,76.1,2.3,0.6,8.2,0.1,0,0,2020
03090059,0,274.27,EU,0,0,0,0,100,0,0,0,2020
03090062,18.1,18.1,,22.9,72.9,1,0.1,2.9,0.1,0.1,0,2020
03090063,24.86,24.86,,13.4,80.8,2.2,0.5,2.7,0.3,0,0,2020
03090064,46.19,46.19,,1.4,93,4.5,0.4,0.7,0,0,0,2020
03120001,82.81,82.81,,19.3,61.3,2.4,0.3,15.6,1.1,0,0,2020
04440002,48.06,201.83,ON,8.1,77,7,2.3,5.1,0.4,0,0.1,2020
04610002,167.79,401.41,ON,6.3,85.1,4.6,0.6,3.3,0.1,0,0,2020
05030115,4000.63,4000.63,,79.3,1.6,0.9,7.6,6.5,4,0.1,0,2020
05030138,4480.54,4480.54,,77,4.2,1.1,7.3,6.6,3.9,0.1,0,2020
01080001,2149.03,2149.03,,88.3,0.2,0.1,0.5,4.3,6.4,0.2,0,2020
01150004,1162.07,1162.07,,61.4,17.2,2.4,4.5,10.2,4.4,0,0,2020
01150016,2035.46,2035.46,,66.8,11.4,1.8,3.4,10.7,5.8,0,0,2020
02260003,76.81,76.81,,14.8,73.9,7.5,0,1.9,1.1,0.8,0,2020
02260004,36.13,36.13,,45.9,44.9,3.6,1.7,2.2,1.4,0.4,0,2020
03010041,450.68,450.68,,52.7,29.4,1.3,0.4,12.2,3.9,0,0,2020
05030206,66.52,66.52,,21.9,27.4,6.5,5.4,36.7,2,0,0,2020
05030207,84.06,84.06,,22.1,36.7,5.7,4.3,29.5,1.6,0,0,2020
05030208,9.41,9.41,,24.6,71.3,1,0,3.1,0,0,0,2020
05030209,38.66,38.66,,35.6,45,2.4,0,16.3,0.7,0,0,2020
05050096,14.38,14.38,,50.7,11,1.9,0.3,35.1,0.9,0,0,2020
05050097,26.5,26.5,,47.3,25.4,1.6,0.2,23.6,1.9,0,0,2020
05050098,7.63,7.63,,36.4,51.2,3.9,0,8.1,0.4,0,0,2020
05050099,20.17,20.17,,17.7,33.8,18.1,0.7,29,0.7,0,0,2020
05050100,102.88,102.88,,32.9,34.1,6,0.2,24.9,1.9,0,0,2020
05100014,1149.07,1149.07,,82.6,0.1,2.1,2.3,6.3,6.5,0,0,2020
05220150,330.31,330.31,,81.8,0.7,2,5.8,4.2,4.8,0.6,0,2020
05220448,190.31,190.31,,80.5,0.1,1.5,7.3,3.9,5.7,1,0,2020
05220449,243.05,243.05,,80.5,0.7,2.4,6,3.9,5.7,0.8,0,2020
05220450,361.29,361.29,,80,1.5,2.8,6.1,4.4,4.6,0.6,0,2020
06070006,669.9,669.9,,73.5,1.8,2.2,2.2,8.4,11.2,0.7,0,2020
06090002,371.82,371.82,,70.4,6.6,1.6,1.7,8.3,11.2,0.2,0,2020
06090015,342.53,342.53,,73.3,3.5,0.6,1.7,8.5,12.1,0.2,0,2020
06090016,329.6,329.6,,75.7,0.6,0.4,1.7,8.7,12.6,0.2,0,2020
06230002,217.5,217.5,,24.8,37.3,3.1,2.8,28.4,3,0.5,0,2020
06230011,86.94,86.94,,28.3,22.6,2,6.2,35.6,3.9,1.3,0,2020
06230012,110.34,110.34,,27,24,2.4,4.9,37.3,3.4,1,0,2020
06230013,125.8,125.8,,28.2,23.4,2.6,4.4,37.2,3.4,0.9,0,2020
06230014,147.8,147.8,,27.2,25.7,2.7,3.7,36.7,3.1,0.8,0,2020
07020002,803.09,803.09,,78.1,0.3,0.8,7.6,5.8,6.9,0.6,0,2020
07120007,438.77,438.77,,75.1,0,0.8,10.1,4.8,2.6,6.8,0,2020
01150020,441.86,441.86,,68.5,14.8,1.7,1.1,8.2,5.7,0,0,2020
01150021,16.16,16.16,,70.3,19.7,5.5,0.4,1.7,2.4,0,0,2020
02210009,197.28,197.28,,58.8,25.1,2.8,2.1,9.7,1.5,0,0,2020
02220004,187.27,187.27,,59.9,23.7,2.7,5.8,6.1,1.8,0.1,0,2020
02240005,453.92,453.92,,55,23.7,5.5,1,13.2,1.5,0.1,0,2020
02260011,18.86,18.86,,17.9,75.2,4.3,0,0.8,1.8,0,0,2020
02270002,813.8,813.8,,67.1,3.4,1.3,1.5,23.1,3.6,0,0,2020
02360014,792.94,792.94,,30.6,29,2.7,0.3,34.5,2.9,0,0,2020
02370001,430.78,430.78,,25.1,33.2,2,0.3,37.5,1.8,0,0,2020
02390001,313.35,313.35,,29.1,34.3,1.9,0.2,32.2,2.1,0,0,2020
02E90009,4.6,4.6,,16.1,53.2,10.2,0,19.9,0.7,0,0,2020
03010083,515.64,515.64,,52.8,28.6,1.7,0.9,12.2,3.7,0,0,2020
05030141,6.57,3.39,,50.5,35.9,2.6,0,9.6,1.4,0,0,2020
05030142,3.39,3.39,,50.5,35.9,2.6,0,9.6,1.4,0,0,2020
05030211,24.51,24.51,,46.6,36.5,3,0.1,11.3,2.5,0,0,2020
05030212,51.78,51.78,,54.5,34,2.2,1.6,5.3,2.4,0,0,2020
05040167,5.27,5.27,,88.1,3.4,4.2,0,4.4,0,0,0,2020
05040168,25.53,25.53,,41.6,52.9,2.3,0,2.9,0.2,0,0,2020
05050101,6.05,6.05,,32.8,13.6,1.6,0.1,51.2,0.6,0,0,2020
05130016,995.69,995.69,,79.1,6.4,2.6,1.9,3.9,4.8,1.3,0,2020
05300004,263.22,263.22,,63.2,20.7,5.6,3.4,5.4,1.7,0,0,2020
06130014,38.76,38.76,,33.5,57.8,2.5,3.6,2.5,0.1,0,0,2020
06130015,6.94,6.94,,3.5,90.9,2.8,2.1,0.7,0,0,0,2020
02190010,89.56,89.56,,66,15.9,1.4,4.4,10.5,1.8,0,0,2020
02260014,14.28,14.28,,19,66.5,6.3,0.1,6.6,1.6,0,0,2020
02260015,2.21,2.21,,9.3,86.5,1.6,0.1,2.2,0.3,0,0,2020
02370002,378.03,378.03,,23.9,31.4,2.2,0.3,40.2,2,0,0,2020
02400048,48.55,48.55,,42.8,47.5,1.2,0,6.5,2.1,0,0,2020
02540001,1.26,1.26,,11,82.5,1.2,0.1,3.6,1.6,0,0,2020
02540002,71.05,71.05,,46.3,42.1,5.9,0.5,3.7,1.3,0.2,0,2020
02540003,8.35,8.35,,18.1,71,8.6,0.2,0.6,1.2,0.3,0,2020
02E90013,59.75,59.75,,18.8,65.3,8.7,0,6.2,1.1,0,0,2020
03010012,517.03,517.03,,40.4,40.8,5.7,0.8,10.5,1.8,0,0,2020
03010046,79.62,79.62,,14.8,63.6,1.3,0.2,19.4,0.8,0,0,2020
03010086,39.22,39.22,,17.4,48,1.5,0.2,31.4,1.5,0,0,2020
03020388,26.86,26.86,,28.9,59.4,1.1,0.1,9.4,1.1,0,0,2020
03020389,13.69,13.69,,17.5,53.5,1.7,0.2,25.4,1.8,0,0,2020
03030200,193.02,193.02,,23.8,47.9,14.5,1.3,11.2,1.2,0,0,2020
03040195,33.84,33.84,,15.8,81.8,1.9,0.1,0.2,0,0.2,0,2020
03090073,106.34,146.22,EU,40.4,32.6,2.5,0.9,23.3,0.2,0.1,0,2020
03090074,15.76,15.76,,31.3,30.7,2.3,0.5,34.4,0.6,0.2,0,2020
03090075,24.06,49.7,EU,34.5,42.7,1.7,0.3,20.7,0.1,0,0,2020
03090076,10.14,16.72,EU,38.4,37.1,1.1,0.4,23,0,0,0,2020
03090077,22.55,30.22,EU,58.8,22.1,2.1,0.6,15.9,0.4,0.1,0,2020
04010127,142.33,142.33,,15.1,76.2,3.4,0.1,5.1,0.1,0,0,2020
04020159,499.66,499.66,,78.8,0,0.1,8.4,12.5,0.1,0,0,2020
04020160,1041.06,1041.06,,80.1,0,2.3,7.7,9.4,0.4,0.1,0,2020
04020161,219.05,219.05,,84.2,0,1.6,4.9,7.9,1.3,0,0,2020
04020162,234.57,234.57,,82.1,0,3.1,9,5.6,0.1,0.1,0,2020
04020163,33.62,33.62,,62.6,1.2,24.1,1.8,10.1,0.3,0,0,2020
04020164,756.94,756.94,,80.3,0,1.5,7,10.7,0.5,0,0,2020
05040169,20.35,20.35,,49.8,43.6,2.3,0.5,3.6,0.2,0,0,2020
05040170,20.29,20.29,,49.9,43.5,2.2,0.5,3.6,0.2,0,0,2020
05080097,229.54,229.54,,76.3,2.4,5.6,7.5,6.7,1.5,0,0,2020
05220477,69.02,69.02,,20.2,65.8,7,0.2,6.5,0.3,0,0,2020
05220478,6.02,6.02,,3.7,83.3,12.9,0,0,0,0,0,2020
06090017,371.07,371.07,,70.5,6.6,1.5,1.7,8.3,11.2,0.2,0,2020
06130017,14.37,14.37,,6.6,92.4,0.9,0.1,0.1,0,0,0,2020
12020001,26.38,26.38,,28.6,58,0.3,0.2,12.5,0.3,0,0,2020
01150029,39.79,39.79,,52.6,22.6,4.4,1.8,13.7,4.8,0,0,2020
02200022,11.56,11.56,,26.4,63,9.1,0.2,0.3,1,0,0,2020
02200027,35.1,35.1,,72.6,14.8,1.2,1,7.7,2.6,0,0,2020
02200056,3.59,3.59,,28.9,60.1,0.1,2.1,7.2,1.5,0,0,2020
02300012,214.82,214.82,,14.8,67.5,4.2,0.7,12.7,0,0,0,2020
02310011,187.93,187.93,,31.6,56,2.9,0.2,9,0.2,0,0,2020
02310044,23.44,23.44,,83.1,8.8,0.7,0.1,6.5,0.7,0,0,2020
02330013,0.07,0.07,,11.1,83.5,5,0.4,0,0,0,0,2020
02330014,1184.6,1184.6,,66,20.7,3.5,1.1,7,1.8,0,0,2020
02330050,53.36,53.36,,23.4,66,2.8,0.2,7.5,0.2,0,0,2020
02E90008,5.13,5.13,,31.8,58.2,2.8,0,5.6,1.6,0,0,2020
02E90010,19.83,19.83,,22.2,67.4,8.1,0,1.5,0.8,0,0,2020
02I80001,11.54,11.54,,15.9,43,7,0.5,32.9,0.7,0,0,2020
03030110,68.67,68.67,,14.5,72.5,5.4,0.3,7.2,0.2,0,0,2020
03090018,96.17,96.17,,4.7,90.6,3.1,0.3,1.2,0.1,0,0,2020
04010016,155.66,155.66,,74.8,0.1,5,8.5,11.2,0.4,0,0,2020
04010045,431.95,431.95,,74.6,0.2,8.9,7.9,8.2,0.2,0,0,2020
04010046,309.61,309.61,,74.3,0.2,7.4,9.1,8.9,0.2,0,0,2020
04010047,821.43,821.43,,74.7,0.2,7.9,7.5,9.5,0.2,0,0,2020
04010048,1164.23,1164.23,,73.2,0.6,10.4,6.9,8.6,0.2,0,0,2020
04010049,1394.52,1394.52,,70,3,11.8,6.4,8.7,0.2,0,0,2020
04010050,1988.87,1988.87,,68.8,4.9,10.2,6.4,9.5,0.2,0,0,2020
04010053,1453,1453,,69.5,3.1,11.9,6.3,9,0.2,0,0,2020
04020154,36.21,36.21,,82.2,0.1,3.5,3.3,10.5,0.5,0,0,2020
05030090,91.96,91.96,,71.6,4,1.8,13.2,6.5,3,0,0,2020
05040184,6.18,6.18,,88.9,0,1,1.4,8.5,0.2,0,0,2020
05240007,194.2,194.2,,50.8,37.4,6,1,4.1,0.7,0.1,0,2020
05240013,5.19,5.19,,66.6,10.3,7.8,2.8,7.2,5.2,0,0,2020
05240014,16.95,16.95,,26.3,64.7,3.8,0.9,2.8,1.6,0,0,2020
05280053,66.45,66.45,,26.8,67.8,2.5,0,1.5,1.2,0.1,0,2020
05360001,65.11,65.11,,21.7,38.7,6.9,0.8,31,0.9,0,0,2020
05360002,14.7,14.7,,27.1,8.8,5.9,0.4,54.9,3,0,0,2020
06130018,7.19,7.19,,29.9,61.7,2.5,3,3,0,0,0,2020
06200004,60.76,60.76,,15.3,64.5,3.5,0.3,14.4,2,0,0,2020
02E90007,19.95,19.95,,20,72.9,2.6,0,2.5,1.9,0,0,2020
03020063,7985.83,9511.93,EU,53.2,19.8,4.5,4.1,15.6,2.8,0,0,2020
03020065,34.31,34.31,,36.7,44.7,2.5,0.6,13.5,2.1,0,0,2020
03030234,189.89,189.89,,35,42.8,1.9,0.2,18.2,1.9,0,0,2020
03060001,164.25,164.25,,3.2,64.7,22.9,0.4,8.8,0.1,0,0,2020
03070015,155.03,155.03,,3.9,83.8,8.7,0.2,3.2,0.1,0,0,2020
03110004,60.13,60.13,,10.4,70.6,1.9,0.1,16.6,0.4,0,0,2020
04010005,368.66,368.66,,69.7,7.3,4.5,7.4,10.8,0.2,0,0,2020
04950002,16.32,16.32,,26,61.2,3.9,0.3,8.6,0,0,0,2020
05020006,301.07,301.07,,34.8,32.8,7.7,0.2,22.2,2.4,0,0,2020
05080101,23.16,23.16,,67.5,5.1,4.6,1.4,20.4,0.8,0,0,2020
05090031,6.5,6.5,,79,0.3,0,0.8,19.7,0.3,0,0,2020
05090032,4.39,4.39,,78.9,15.3,0.2,0.4,5.2,0,0,0,2020
05090033,25.33,25.33,,74,6.5,5.3,1.2,12.8,0.2,0,0,2020
05090066,12.43,12.43,,73.8,9.7,2.6,0.7,13.2,0.2,0,0,2020
05090067,19.37,19.37,,76.5,6.7,2.3,1,13.3,0.2,0,0,2020
05090068,27.45,27.45,,72.2,7.5,6.2,1.1,12.8,0.2,0,0,2020
05090069,31.81,31.81,,70.9,7.2,9.2,1,11.4,0.2,0,0,2020
05090070,37.86,37.86,,70.2,6.5,10.1,0.9,12.1,0.2,0,0,2020
05220153,1680,1680,,70.3,9.9,4.1,5.8,6.2,3.6,0.1,0,2020
05240005,39.4,39.4,,25.5,67.7,3,0.2,3,0.6,0,0,2020
05240017,6.45,6.45,,70.7,6.4,10.1,1.1,10.5,1.2,0,0,2020
05250002,164.5,164.5,,52.2,32.9,3.1,1.2,8.4,1.7,0.4,0,2020
05280064,81.99,81.99,,30.2,59,8.4,0.2,1.2,0.9,0,0,2020
05290001,101.53,101.53,,15.1,80.5,3.1,0,0.8,0.6,0,0,2020
05640001,3.91,3.91,,2.5,95.6,1.9,0,0,0,0,0,2020
05640002,0.35,0.35,,0,94,6,0,0,0,0,0,2020
05640003,4.48,4.48,,1.1,96.3,2.5,0,0,0,0,0,2020
05640004,1.05,1.05,,0,92.3,7.7,0,0,0,0,0,2020
05640005,1.27,1.27,,0,93.4,6.6,0,0,0,0,0,2020
05640006,3.8,3.8,,2.5,95.8,1.6,0,0,0,0,0,2020
07120014,72.24,72.24,,73.4,0,0.1,11.8,5.9,2.7,6.2,0,2020
02160002,1673.84,1673.84,,78.7,3.2,0.6,1.1,8.2,8,0.2,0,2020
02160004,146.72,146.72,,82.2,0,0,2.1,7.1,7.8,0.8,0,2020
02160005,336.79,336.79,,82.7,0,0,1.6,6.1,8.7,0.8,0,2020
02160006,671.97,671.97,,83.1,0,0,1.2,7,8.3,0.4,0,2020
02160007,822.21,822.21,,83,0,0.1,1.1,7,8.5,0.3,0,2020
02160008,1040.11,1040.11,,80.7,1.3,0.2,1.1,8.5,8,0.3,0,2020
02160009,1422.82,1422.82,,79.6,1.5,0.3,1,8.6,8.8,0.2,0,2020
02160010,1480.8,1480.8,,79.3,1.8,0.4,0.9,8.7,8.7,0.2,0,2020
02160011,72.99,72.99,,76.7,10.4,1.8,2.9,6.2,1.9,0.1,0,2020
02160012,1681.8,1681.8,,78.6,3.3,0.7,1.1,8.2,8,0.2,0,2020
02160013,1684.5,1684.5,,78.5,3.3,0.8,1.1,8.2,8,0.2,0,2020
02160014,1658.64,1658.64,,78.9,2.9,0.6,1.1,8.2,8,0.2,0,2020
02160015,49.18,49.18,,81.6,3.2,0.8,1,6.9,6.5,0,0,2020
02160016,0.68,0.68,,27.7,0.4,71.5,0.4,0,0,0,0,2020
02160017,1077.43,1077.43,,80.8,1.4,0.3,1.1,8.3,7.8,0.3,0,2020
02260005,104.33,104.33,,67.9,6.7,1,0.5,20.6,3.4,0,0,2020
02270003,363.57,363.57,,66,1.4,1.2,0.9,27.6,3,0,0,2020
02280001,74.66,74.66,,50.9,43.6,3.6,0.5,0.8,0.2,0.4,0,2020
02310001,820.97,820.97,,79.6,8.2,1.8,0.8,7.6,2.1,0,0,2020
02310005,169.88,169.88,,80.6,12.9,2.2,0.5,1.9,2,0,0,2020
02310019,654.87,654.87,,68,8.3,1.5,0.8,18.1,3.3,0,0,2020
03030034,343.74,343.74,,26,55.7,3.4,0.3,13.4,1.2,0,0,2020
03190001,8.26,9.49,EU,18.2,73.4,2,0,6.1,0.3,0,0,2020
04010204,24.16,24.16,,55,1,38,2.5,3.6,0,0,0,2020
04010205,164.29,164.29,,76.7,0.5,8,6.7,8,0.1,0,0,2020
04010206,18.58,18.58,,78,0.5,11.5,3,7,0,0,0,2020
04010207,137.4,137.4,,75.5,0.2,10.3,8.2,5.7,0.2,0,0,2020
05040199,12.85,12.85,,90.8,0.5,0.1,0.3,6,2.4,0,0,2020
05070012,361,361,,57.1,22.9,7.1,2.4,9.3,1.2,0,0,2020
05080106,2.39,2.39,,44.7,49.3,1.9,0.1,3.5,0.5,0,0,2020
05220121,30.81,30.81,,11.5,41.3,5.8,1.4,39.2,0.8,0,0,2020
05220135,1326.31,1326.31,,76.3,2.6,3.2,6.8,6.7,4.3,0.1,0,2020
05220539,3.28,3.28,,18.5,67,10.7,0.3,1.3,2.3,0,0,2020
05220540,1.66,1.66,,39.5,58.5,0.3,0,1.6,0,0,0,2020
05220541,7.65,7.65,,27.9,62.2,3,0,6.7,0.2,0,0,2020
05220542,21.76,21.76,,20.2,70,5.8,0.2,3.4,0.4,0,0,2020
05220548,33.02,33.02,,11.7,74.9,9.1,0.3,3.9,0.2,0,0,2020
05220549,1.91,1.91,,7.1,20.8,2.6,0,66.5,2.9,0,0,2020
05220550,0.78,0.78,,60.4,12.9,1.2,0,25.5,0,0,0,2020
05260035,1.03,1.03,,24.6,1.7,73.7,0,0,0,0,0,2020
05260036,1.57,1.57,,38.9,1.5,59.7,0,0,0,0,0,2020
06090018,319.16,319.16,,76.1,0,0.1,1.7,8.8,13,0.2,0,2020
06130026,0.58,0.58,,0,74.1,4.1,21.2,0.5,0,0,0,2020
06130027,5.91,5.91,,36.4,53.6,2.7,3.6,3.6,0,0,0,2020
02160001,1651.48,1651.48,,79,2.8,0.5,1.1,8.3,8.1,0.2,0,2020
02230001,942.35,942.35,,64.9,19,1.6,1.5,10.2,2.9,0,0,2020
02240007,125.59,125.59,,74,0,2.3,1.9,19.4,2.2,0.2,0,2020
02250012,264.12,264.12,,73.3,0.1,0.3,3.5,19.6,3.1,0,0,2020
02290003,105.22,105.22,,71.1,14.8,2.8,2.7,8.2,0.4,0,0,2020
02310047,1045.79,1045.79,,68.9,19,2,0.7,7.7,1.7,0,0,2020
02310048,1174.83,1174.83,,68.9,19.4,1.9,0.7,7.5,1.6,0,0,2020
02330006,1022.41,1022.41,,73.6,13.9,3,1,6.5,2,0,0,2020
02360016,2.89,2.89,,71.7,0,1.2,0,26.7,0.5,0,0,2020
02360017,9.73,9.73,,20.6,4.2,0,0.4,66.1,8.6,0,0,2020
02540004,29.72,29.72,,72.6,13.3,3.7,1.1,7,2.3,0.1,0,2020
02590002,35.81,35.81,,22.3,60,4.5,3.2,9.9,0,0,0,2020
03030010,267.49,267.49,,45.6,29.1,3.4,0.4,19.1,2.4,0,0,2020
03030085,3239.76,3239.76,,34.1,45.1,6.7,1.5,11.6,1,0,0,2020
03030202,1144.86,1144.86,,36.5,43.1,3.2,0.4,15.2,1.5,0,0,2020
03030214,3495.62,3495.62,,32.1,47.4,7.1,1.5,10.9,1,0,0,2020
04010132,59.68,59.68,,58,25.7,2.4,2.1,11.4,0.1,0.2,0,2020
04010229,61.41,61.41,,73.5,3.2,3.5,8.1,11.6,0,0,0,2020
04020264,486.15,486.15,,78.8,0,0.1,8.6,12.4,0.1,0,0,2020
04020277,499.65,499.65,,78.8,0,0.1,8.4,12.5,0.1,0,0,2020
05010426,467.69,467.69,,78.6,1.8,1.6,8.5,6.9,2.6,0,0,2020
05010547,406.75,406.75,,81,0.3,0.7,9.2,6.4,2.4,0,0,2020
05010549,487.35,487.35,,77.4,2.7,2.4,8.3,6.7,2.5,0,0,2020
05070015,58.83,58.83,,48,30.5,4.2,0.1,15,2.1,0,0,2020
05070016,45.55,45.55,,78.5,0.2,3.8,12.6,3.9,1,0,0,2020
05070017,56.45,56.45,,53.8,18.6,10.3,0.3,15.7,1.4,0,0,2020
05080056,49.58,49.58,,48.5,24.1,11.2,0.3,15.1,0.7,0,0,2020
05080063,18.99,18.99,,33.6,16.5,4.6,0.1,43.1,2,0,0,2020
05080093,106.11,106.11,,38.7,29.9,10.6,0.2,19.8,0.8,0,0,2020
05080098,70.52,70.52,,42.2,28.7,12.9,0.3,15.3,0.6,0,0,2020
05080114,2.76,2.76,,25.4,61.4,7.1,0.3,5.8,0,0,0,2020
05080118,11.6,11.6,,63.9,10.6,10.9,0.1,12.5,1.9,0,0,2020
05150119,1217.39,1217.39,,78.7,0,0.2,5.3,7.6,6.6,1.7,0,2020
06190097,592.86,592.86,,65.7,5.2,2.1,3.6,10.6,12.4,0.5,0,2020
06190098,584.3,584.3,,65.8,5,2,3.6,10.5,12.6,0.5,0,2020
06190099,128.25,128.25,,57.2,13,3.3,2.4,18.6,5.3,0.2,0,2020
06190100,429.57,429.57,,70,0.5,1.7,4.1,8.1,15.2,0.5,0,2020
06190101,13.21,13.21,,61.9,0,0,3.3,17.5,11.1,6.1,0,2020
06190102,200.89,200.89,,70.6,1.3,1.9,3.4,12.9,9.7,0.2,0,2020
06190103,172.98,172.98,,72.7,0.7,1.9,3.7,11,9.7,0.3,0,2020
06340001,0.73,0.73,,24.1,68.4,2.6,0,5,0,0,0,2020
06G06001,0.08,0.08,,38.3,61.6,0,0,0.1,0,0,0,2020
01150018,565.64,565.64,,59.3,14.9,2.3,7.9,11.6,4,0,0,2020
02160018,1684.45,1684.45,,78.5,3.3,0.8,1.1,8.2,8,0.2,0,2020
02190014,1812.04,1812.04,,68.7,11.8,1.1,3.3,9.2,5.9,0,0,2020
02200055,0.35,0.35,,5.7,2.2,92.1,0,0,0,0,0,2020
02240008,104.19,104.19,,60.3,25.4,2.4,0.6,9.2,2.1,0,0,2020
02310041,107.99,107.99,,76.5,0,0.3,0.8,18.4,4,0,0,2020
02310051,157.5,157.5,,71.6,0.1,0.2,0.5,23.8,3.7,0,0,2020
02310053,42.16,42.16,,80.5,11,2.4,0.4,5,0.6,0,0,2020
02330052,6.63,6.63,,47.2,24.1,21.8,0.1,5,1.9,0,0,2020
02360011,160.07,160.07,,28.6,31.1,1.6,0.1,36.2,2.5,0,0,2020
02600003,39.36,39.36,,55.7,30.7,6.4,0.1,6.6,0.5,0,0,2020
02F90001,19.9,19.9,,21.1,72.8,3.4,0.1,2.7,0,0,0,2020
03010103,183.31,183.31,,38.5,47,1.7,0.3,9.6,3,0,0,2020
03080001,94.69,94.69,,3.4,73.9,20,0.1,2.5,0,0,0,2020
03090020,241.96,249.06,EU,26,57.3,3.2,0.4,12.8,0.3,0,0,2020
03090123,35.6,168.54,EU,52,29.5,2.1,0.7,15.5,0.2,0.1,0,2020
03090124,197.68,344.75,EU,42.9,38.3,2.9,0.7,14.4,0.5,0.3,0,2020
03090125,31.45,38.55,EU,51.6,32.7,5.3,0.2,9.3,0.8,0,0,2020
04610001,167.56,401.18,ON,6.3,85.2,4.5,0.6,3.3,0.1,0,0,2020
04650001,72.85,72.85,,17.3,14.3,62.3,0.8,5.3,0,0,0,2020
04670004,215.49,215.49,,17.7,68.4,10.3,0.2,3.2,0.1,0,0,2020
05060001,41.95,41.95,,58.3,20.6,5.2,0.3,14.7,0.9,0,0,2020
05070018,8.94,8.94,,1.3,88,9.7,0,0.9,0.1,0,0,2020
05080100,9.55,9.55,,41,8,6.6,0.1,41,3.3,0,0,2020
05080117,35.7,35.7,,20.5,61.7,3.2,0.1,13.7,0.8,0,0,2020
05100033,54.84,54.84,,79,0,0,1,2.5,17.6,0,0,2020
05120021,1079.94,1079.94,,75.6,1.9,2.8,3.1,6,10.2,0.4,0,2020
05150001,1851.24,1851.24,,80.3,1.4,1.1,4.4,5.8,5.5,1.6,0,2020
05260034,88.52,88.52,,73.8,2,2.5,6.7,11.6,3.4,0,0,2020
05300013,69.51,69.51,,80.2,1.9,3.2,7.6,5.5,1.7,0,0,2020
05400003,11.78,11.78,,43.5,2,52.1,0.4,2,0,0,0,2020
05400004,25.2,25.2,,25.8,8.7,62.4,0.4,2.7,0,0,0,2020
05J70001,30.98,30.98,,52.7,36.6,1.8,0.4,7.1,1.4,0,0,2020
06130051,3.95,3.95,,64.9,20.4,7,3.4,3.7,0.5,0,0,2020
07040001,3123.57,3123.57,,68.4,0,0.4,8.2,6.3,15.5,1.3,0,2020
07050001,1935.98,1935.98,,75,0.1,1.2,8.1,6.7,7.1,1.9,0,2020
07100047,18943.65,18943.65,,60,0,0.1,12.8,9.7,12.5,4.8,0.1,2020
07110001,46017.96,46017.96,,59.2,0,0.2,13.3,9.4,12.4,5.5,0,2020
07110071,63.87,63.87,,72.8,0,4.1,6.2,6.8,2.4,7.7,0,2020
07140001,1619.31,1619.31,,71.1,0,0.4,8.9,6.8,10.2,2.6,0,2020
01130001,326,326,,92.8,0.2,0.6,0.2,0.7,5.5,0,0,2020
01150045,37.54,37.54,,52.9,23.4,3,1.9,14,4.8,0,0,2020
01150046,39.03,39.03,,52.7,22.8,4.2,1.9,13.7,4.8,0,0,2020
01150047,456.65,456.65,,66.6,16.4,2.1,1.2,8.2,5.6,0,0,2020
01170029,317.47,323.35,NB,78.2,6.1,2.8,3.9,5.7,3.3,0,0,2020
01300001,587.46,587.46,,67.9,6,1.6,0.5,21.5,2.5,0,0,2020
01300008,315.06,315.06,,75.4,3,0.9,1,16.8,2.9,0,0,2020
02030001,1107.92,1107.92,,90.7,0,0.4,0.6,4.1,4,0.2,0,2020
02040001,1034.71,1034.71,,86.7,0,2.3,0.9,5,4.3,0.9,0,2020
02080005,1241.96,1241.96,,82.9,0,0.4,1.1,6.5,5.2,4,0,2020
02140002,818.48,818.48,,82.4,0,0.7,1.1,3.1,4.5,8.2,0,2020
02150002,739.31,739.31,,84.6,0.3,0.1,0.8,4.8,6.6,2.7,0,2020
02290007,112.19,112.19,,68,17.6,3.4,2.6,7.8,0.6,0,0,2020
02310056,654.6,654.6,,68,8.3,1.5,0.8,18.1,3.3,0,0,2020
02320001,44.23,44.23,,10.4,19.6,11,0.6,58.2,0.2,0,0,2020
02340038,732.57,732.57,,56,32.2,3.4,0.4,6.8,1.2,0,0,2020
02350003,88.25,88.25,,18.4,46.9,6,0.4,27.7,0.6,0,0,2020
02400029,194.55,194.55,,17.4,64.1,3.8,0.3,13.7,0.8,0,0,2020
02400073,408.66,408.66,,69.8,22.7,1.6,0.4,3.2,2.4,0,0,2020
02400074,1901.44,1901.44,,53,27.5,4.8,1.4,11.4,2,0,0,2020
02460002,83.98,83.98,,83.8,0,0.6,0.3,6.2,8.7,0.4,0,2020
02500002,84.68,84.68,,37.7,17.9,9.3,0.3,34,0.8,0,0,2020
02G60001,4.16,4.16,,5,0.1,19.8,0.3,69.6,5.2,0,0,2020
03020033,274.74,274.74,,21.9,43.8,12.4,0.1,20.9,0.8,0,0,2020
03020196,25.32,25.32,,95.2,0,0.2,0.1,4.5,0,0,0,2020
03310001,9.7,9.7,,3.4,94.2,0.9,0,1.6,0,0,0,2020
03320001,12.95,12.95,,7.9,90.3,0.7,0,1.1,0,0,0,2020
04010001,1172.16,1172.16,,72.8,0.6,10.9,6.9,8.5,0.2,0,0,2020
04050001,550.2,550.2,,76.2,8.3,1.8,8,5.3,0.2,0,0,2020
04060172,1318.73,1318.73,,80.5,2,1.2,8.9,5.6,1.8,0,0,2020
04070001,426.88,426.88,,72.2,7.4,7.3,8.5,4.3,0.3,0,0,2020
04130002,5184.18,5184.18,,74.6,0.1,0.1,9.8,11.8,3.6,0,0,2020
04340001,31.55,31.55,,25.7,46.7,16.8,0.2,10.5,0,0,0,2020
04660002,73.23,73.23,,17.7,59.9,18.5,0.3,3.5,0.1,0,0,2020
05010337,467.55,467.55,,78.6,1.8,1.6,8.5,6.9,2.6,0,0,2020
05010399,991.71,991.71,,74.2,0.3,1.2,7.2,7.1,9.9,0,0,2020
05010461,42921.59,42921.59,,64.7,0.2,0.6,11.3,10.2,12.6,0.3,0,2020
05020005,104.57,104.57,,41.9,35,14.9,0.4,6.4,1.5,0,0,2020
05070022,153.05,153.05,,74.2,7.7,5.8,5.4,6,0.9,0,0,2020
05080073,170.43,170.43,,78.4,3.1,5.8,3.1,7.8,1.8,0,0,2020
05090049,8.51,8.51,,20.7,5.1,61,0,10.2,3,0,0,2020
05090059,3.84,3.84,,20.9,0,78.4,0,0.7,0,0,0,2020
05220245,29.71,29.71,,23,60.2,4,0,12.5,0.3,0,0,2020
05220247,16.13,16.13,,5.5,89.7,4.4,0,0.2,0.1,0,0,2020
05220382,3.63,3.63,,15.4,62.4,6.2,0.2,15.5,0.2,0,0,2020
05220389,1260.98,1260.98,,79.2,3.7,3.1,5.5,4,4.2,0.2,0,2020
05220469,24.37,24.37,,10.5,62.5,25.6,0,1.3,0,0,0,2020
05260017,95.53,95.53,,79.5,8.4,3.3,5,3,0.8,0,0,2020
05260018,590.64,590.64,,78.7,0.2,0.8,7.5,5.2,7,0.5,0,2020
05300035,203.16,203.16,,68.8,14.4,5.3,4.3,5.2,1.9,0,0,2020
05380003,31.77,31.77,,28.2,25.3,4.4,0,41.1,1,0,0,2020
05390001,75.37,75.37,,27.5,37.8,26,0.3,8.3,0.1,0,0,2020
05400006,25.25,25.25,,25.8,8.7,62.4,0.4,2.7,0,0,0,2020
05620001,28.18,28.18,,31.7,20.6,11.9,0.7,31.8,3.3,0,0,2020
05620002,9.54,9.54,,35.2,14.4,4.5,0,39.2,6.7,0,0,2020
05620003,1.38,1.38,,17.8,0,3.9,0.7,77.6,0,0,0,2020
05640007,41.18,41.18,,27.6,61.6,3.7,0.2,5.7,1.1,0,0,2020
05E90001,3.26,3.26,,15.2,73.9,6.4,0,4.4,0,0,0,2020
06130005,490.42,490.42,,49.1,22.5,2.1,5.1,9.3,11.4,0.6,0,2020
06180001,996.26,996.26,,58.3,5.8,0.5,5.4,16.7,12.8,0.6,0,2020
06180017,125.38,125.38,,22.5,34.9,0.8,0.8,38.8,2,0.1,0,2020
06190001,15529.68,15529.68,,49.8,0.4,0.5,8.9,20.8,18.8,0.8,0.1,2020
06190105,320.55,320.55,,57.6,15.1,1.9,1.9,7.2,15.2,1,0,2020
06210001,12136.32,12136.32,,54.2,0.9,0.1,5.9,13.5,24.1,1.3,0,2020
06210002,8787.17,8787.17,,43.8,0.2,0.1,7.4,14.3,32.8,1.4,0,2020
06240001,424.77,424.77,,53.2,13.8,2.1,3.2,21.2,6,0.4,0,2020
06250001,2254.42,2254.42,,69.3,1.3,0.4,11,9.9,8,0.1,0,2020
07190016,4153.47,4153.47,,62.4,0,0.3,8.5,8.3,10.5,10,0,2020
07230003,19188.83,19188.83,,68.5,0.1,0.7,10.4,8.3,8.1,4,0,2020
07380003,14474.95,14474.95,,71.8,0,0.2,12,6,6.9,2.7,0.3,2020
07710001,115.94,115.94,,70.6,16.5,3.8,2.7,2.8,3.4,0.2,0,2020
07820001,39.2,39.2,,67.7,0,5.4,18.1,3.2,1.1,4.4,0,2020
01020001,248.31,248.31,,86.9,0.1,0.9,0.6,0.9,10.6,0,0,2020
01070001,99.32,99.32,,69.4,6.2,4.5,1.2,15.5,3,0,0,2020
01090001,1452.07,1452.07,,92.1,0.9,0.5,0.5,1.8,4.2,0,0,2020
01120005,1161.14,1161.14,,91.4,0.6,0.2,0.3,1.7,5.9,0,0,2020
01150049,6.65,6.65,,7.8,62,9.6,0.1,20.5,0,0,0,2020
01150050,0.48,0.48,,6.7,23.8,63.3,0,6.2,0,0,0,2020
01170049,1501.6,1514.28,NB,78.5,4.4,0.7,2.9,10.2,3.3,0,0,2020
01170050,1337.87,1350.69,NB,78.7,4.4,0.7,2.5,10.1,3.5,0,0,2020
02240009,78.21,78.21,,62.4,12.5,2.3,1.1,20.2,1.5,0,0,2020
02250008,40.35,40.35,,14.8,65.9,7.8,0.1,11.1,0.1,0.1,0,2020
02280003,74.18,74.18,,51.3,43.2,3.6,0.5,0.8,0.2,0.4,0,2020
02330068,17.36,17.36,,27.2,64.9,5,0,2.5,0.3,0,0,2020
02340040,255.23,255.5,EU,87.2,2.3,1.2,0.6,4.6,3.7,0.3,0,2020
02380002,144.12,144.12,,27.8,40.4,2.2,0.4,26.5,2.5,0,0,2020
02390003,91,91,,24.3,55.3,1.6,0,18.1,0.7,0,0,2020
02700001,44.42,44.42,,52.1,40.5,1.9,0.1,4.3,0.6,0.5,0,2020
03110007,13.85,13.85,,7.7,51.7,1.4,0,38.2,0.9,0,0,2020
03110008,17.85,17.85,,9,67.4,0.6,0.2,22.4,0.5,0,0,2020
03110009,81.12,81.12,,8.3,76.4,2.5,0.1,12.3,0.3,0,0,2020
03110010,185.98,185.98,,7.3,78,4.4,1.4,8.8,0.1,0,0,2020
04020003,4203.52,4203.52,,76.1,1.4,2.5,7.4,7.4,5.2,0,0,2020
04020285,207.65,207.65,,84.4,0,1.4,4.8,7.9,1.4,0,0,2020
04030001,279.73,279.73,,76.5,4.2,1.3,10.4,7.1,0.5,0,0,2020
04290002,576.17,576.17,,53.7,29.1,0.9,3.4,8.5,4,0.3,0,2020
04740001,41.79,41.79,,9.1,82.3,6.1,0.4,1.8,0.2,0,0,2020
05040153,156.96,156.96,,71.1,8.8,2.5,3,9.8,4.9,0,0,2020
05070025,1.66,1.66,,6.2,92.8,1,0,0,0,0,0,2020
05070026,0.3,0.3,,2.9,97.1,0,0,0,0,0,0,2020
05080125,8.67,8.67,,38.3,3.1,19.8,1.1,34.3,3.3,0,0,2020
05080126,2.67,2.67,,47.1,0.2,6,0.5,46.1,0,0,0,2020
05220490,240.98,240.98,,88.9,0,0,5.3,5.6,0.2,0.1,0,2020
05220578,260.35,260.35,,59.7,24.5,6.4,2.8,5.5,1.2,0,0,2020
05220579,1274.59,1274.59,,78.7,4,3.4,5.6,4,4.1,0.2,0,2020
05540001,8.38,8.38,,7.8,22.8,67.3,0,2.2,0,0,0,2020
05540002,5.69,5.69,,11.1,32,53.7,0,3.2,0,0,0,2020
05610001,14.82,14.82,,25.3,24.5,4.5,0.6,41.8,3.5,0,0,2020
05630004,2.13,2.13,,89,0,3.5,0.3,5.1,2.1,0,0,2020
05630005,28.21,28.21,,12.5,80.9,2.4,0.3,3.6,0.4,0,0,2020
05800001,7.55,7.55,,32.3,17.1,2.8,0.1,45.4,2.4,0,0,2020
05810001,7.87,7.87,,32.6,30.5,3.4,0.1,32.8,0.6,0,0,2020
06160024,921.02,921.02,,64.7,1.1,0.8,8.5,12.3,12.6,0.1,0,2020
07130004,593.95,593.95,,76,0,0.7,7.4,7.7,4.9,3.3,0,2020
07810001,95.98,95.98,,64,0.3,3.3,2.4,16.6,9,4.4,0,2020
08A10010,346.75,346.75,,34.9,37.1,1.1,1,17.8,5.5,2.6,0,2020
08A10011,1837.37,1837.37,,34.4,13.6,1.6,5.5,36.7,7.8,0.3,0,2020
01010002,705.49,705.49,,94.8,0,0.3,0.4,1.6,2.7,0.1,0,2020
01150002,556.49,556.49,,60,14.2,2,8,11.7,4.1,0,0,2020
01370004,73.15,73.15,,61,10.3,4.8,0,20.3,3.5,0,0,2020
02190017,60.47,60.47,,45,41.4,2,0.7,9.7,1.3,0,0,2020
02240010,23.45,23.45,,15.8,78.6,2.3,0,3.3,0,0,0,2020
02250001,944.2,944.2,,71.8,5.3,0.8,1.6,16.8,3.6,0,0,2020
02250013,19,19,,17.2,61.4,8.6,0.2,12.4,0.1,0,0,2020
02340131,52.96,52.96,,5,59.2,6.1,0.1,29.3,0.3,0,0,2020
02550002,22.66,22.66,,39.7,43.6,0.9,0.2,15.3,0.2,0,0,2020
03010145,18.32,18.32,,19.4,51.7,7.3,1.3,19.6,0.7,0,0,2020
03020195,5.84,5.84,,98.2,0,1.6,0,0.2,0,0,0,2020
03020434,129.33,129.33,,31.6,38.2,2.8,0.2,25.7,1.5,0,0,2020
03030323,17.95,17.95,,9,87.3,3,0.2,0.5,0,0,0,2020
03850001,5.86,5.86,,0.8,95.4,3.8,0,0,0,0,0,2020
04020290,1382.7,1382.7,,72.8,0.2,0.7,6.2,7,13.1,0,0,2020
04020291,1074.79,1074.79,,71.2,0,0.4,6.1,6.7,15.6,0,0,2020
04090001,410.87,410.87,,65,16.8,1.5,3.5,12.1,1.2,0,0,2020
04650008,10.45,10.45,,29.4,21.4,33,1.4,14.8,0,0,0,2020
04810002,20.64,20.64,,41.2,39.9,12.6,0.8,5.2,0.4,0,0,2020
05040200,220.17,220.17,,50.7,31.9,3.1,0.8,10.1,3.3,0,0,2020
05080120,7.42,7.42,,25.6,46.2,3.2,0,24.7,0.4,0,0,2020
05090060,2.78,2.78,,32.3,4.9,62.3,0.1,0.3,0,0,0,2020
05220378,26.83,26.83,,23.5,58.5,4.2,0,13.5,0.3,0,0,2020
05220590,22.47,22.47,,6.4,82.2,9.1,0.1,2,0.1,0,0,2020
05220591,78.76,78.76,,76,0.9,6.9,3.9,11,1.2,0,0,2020
05220592,82.26,82.26,,87.2,0.4,0.7,5.3,3.8,2.4,0.2,0,2020
05250004,33.32,33.32,,75.8,3.1,2.4,1.8,14.8,1.9,0.1,0,2020
05260016,6.61,6.61,,85.3,3,3.4,0.1,7.3,0.8,0,0,2020
05260079,833.72,833.72,,75.6,4.1,1.9,7.8,4.9,5.2,0.3,0,2020
05L90001,7.69,7.69,,14.4,37.2,2.4,0,46,0,0,0,2020
06200010,212.35,212.35,,49.7,24.3,1.3,2.4,15.5,6.5,0.2,0,2020
07720001,48.93,48.93,,49.2,19.3,5.8,1.4,11.3,10.3,2.7,0,2020
07720002,64.32,64.32,,66.7,4.9,3.8,4.3,6.5,11.9,2,0,2020
08010135,961.42,961.42,,40.9,0.2,3.6,14.5,38.7,1.8,0.3,0,2020
08010137,844.33,844.33,,43.3,0.1,3,10.1,41.3,1.9,0.3,0,2020
01160013,254.53,254.53,,95.7,0.5,0.3,0.3,0.9,2.3,0,0,2020
01310010,920.05,1091.68,EU,76.4,5.6,2,2,11,3,0,0,2020
02330070,5.34,5.34,,6.6,7.3,79.7,0,6.5,0,0,0,2020
02340144,144.24,144.24,,56.6,36.2,1.5,0.1,4.3,1.3,0,0,2020
02I10002,1.39,1.39,,50.9,13.2,17.2,17.8,0,0.9,0,0,2020
03090155,15.13,17.36,EU,31,36.4,1.9,0.7,29.8,0.3,0,0,2020
03090156,61.97,64.2,EU,23.7,56.2,1.2,1.3,17.3,0.2,0,0,2020
04020300,323.88,323.88,,73.6,0.8,2,15,7.1,1.4,0,0,2020
04020303,518.92,518.92,,76.4,1.4,1.9,11.1,7.5,1.5,0.1,0,2020
04020304,597.46,597.46,,77.1,1.8,1.8,10.3,7.5,1.5,0.1,0,2020
04060178,23.25,23.25,,66.3,10.5,14.2,3.5,4.1,1.4,0,0,2020
04280001,59.1,59.1,,53.8,34,2.2,0.4,5.5,2.8,1.2,0,2020
04280002,5.45,5.45,,74.8,1.5,0.4,2,19.6,1.2,0.5,0,2020
04290006,250.05,250.05,,59.1,18.4,0.7,3.4,10.9,7.4,0.1,0,2020
04290007,354.96,354.96,,52.8,29.1,1,2.5,9,5.5,0.2,0,2020
04290012,4.8,4.8,,49.8,0,0.2,1.7,36.2,12.2,0,0,2020
04760001,3.37,3.37,,32.3,26,27.9,0.2,13.6,0.1,0,0,2020
04760002,5.17,5.17,,32,17.4,40.1,0.3,10.2,0.1,0,0,2020
04760003,9.17,9.17,,34.5,11.1,46.8,0.4,7.2,0,0,0,2020
04760004,12.49,12.49,,37.4,8.5,46.6,1.1,6.4,0,0,0,2020
04760005,13.14,13.14,,36.8,8,47.9,1,6.3,0,0,0,2020
05030179,4.83,4.83,,46.3,45.2,2.5,0.1,0.9,5,0,0,2020
05030180,3.57,3.57,,17.9,80.3,1.6,0,0.3,0,0,0,2020
05070027,31.65,31.65,,78.2,1.3,7.8,6.8,5.1,0.9,0,0,2020
05090081,8.67,8.67,,61.9,3.8,32.4,0.2,1.8,0.1,0,0,2020
05090082,5.42,5.42,,80.5,3.1,13.2,0.2,2.9,0.1,0,0,2020
05200001,20.91,20.91,,26.7,19.2,8.3,0.1,43.9,1.7,0,0,2020
05200002,9.46,9.46,,38.7,5.1,9.3,0.1,45.2,1.7,0,0,2020
05220601,37.05,37.05,,60.5,19.2,10.7,1.2,7.5,0.7,0.1,0,2020
05220602,91.05,91.05,,63.1,24.9,6.3,2.7,2.6,0.3,0,0,2020
05220603,31.67,31.67,,23.3,63.6,10.1,0.3,2.5,0.2,0,0,2020
05230002,88.57,88.57,,15.9,67,11.7,0.4,4.3,0.8,0,0,2020
05260082,20.2,20.2,,82.9,9.3,1.8,2.4,1.9,1.8,0,0,2020
05280078,43.9,43.9,,46.2,40.9,9.5,0.4,1.4,1.6,0,0,2020
05280079,55.36,55.36,,39,49,9,0.3,1.4,1.3,0,0,2020
05280081,9.88,9.88,,12.8,80.8,5.8,0,0.2,0.3,0.1,0,2020
06200011,74.75,74.75,,64.9,7.6,1.9,3.4,15.8,6.2,0.3,0,2020
07730004,30.49,30.49,,61.7,0,8.3,4.3,14.8,7.8,3.1,0,2020
02260012,43.98,43.98,,14.4,76.5,5.3,0,2.6,1.1,0,0,2020
02270005,5.51,5.51,,0,14.9,61.3,0,23.9,0,0,0,2020
02320002,22.02,22.02,,3.6,66.8,5.5,0.1,24,0,0,0,2020
02330047,35.7,35.7,,74.2,16.9,1.6,0.5,6.1,0.6,0,0,2020
02340048,106.79,106.79,,52,31.3,6.9,0.6,7.4,1.7,0,0,2020
02400012,521.47,521.47,,60.8,16.7,11.4,2,7.3,1.7,0.1,0,2020
02400026,139.63,139.63,,34.4,44.8,5.7,0.2,13.2,1.7,0,0,2020
02790001,12.47,12.47,,32.5,58.2,6.9,1.4,0.2,0.8,0,0,2020
03040320,102.16,102.16,,11.8,74.2,1.1,0.1,11.6,1.3,0,0,2020
03080012,35.45,35.45,,1.2,91.8,6.5,0.1,0.4,0,0,0,2020
03080013,37.01,37.01,,1,88.3,9,0.1,1.7,0,0,0,2020
03110011,17.38,17.38,,21.6,57.8,2.1,0.1,18,0.4,0,0,2020
03290003,31.07,31.07,,16.3,77.5,0.9,0,5,0.3,0,0,2020
03860001,9.43,9.43,,2,96.8,1.2,0,0,0,0,0,2020
04060184,49.79,49.79,,74.2,19.5,0.4,1.8,3.4,0.8,0,0,2020
04290008,1.69,1.69,,88.5,0,0.7,1.8,8.9,0,0,0,2020
04650009,11.39,11.39,,12.5,5.2,80.9,0.1,1.4,0,0,0,2020
04780001,6.38,6.38,,39.1,50.7,7.2,0,2.9,0,0,0,2020
04780002,11.66,11.66,,55.5,31.6,7.6,0.5,4.9,0,0,0,2020
04790001,7.23,7.23,,19.3,74,4,0,2.7,0,0,0,2020
05030182,11.18,11.18,,8.9,75.8,0.9,0,14.3,0,0,0,2020
05030183,3.25,3.25,,53.5,34.9,1.6,0,8.6,1.4,0,0,2020
05090046,21.9,21.9,,35.9,45.1,9.9,0.2,8.1,0.7,0,0,2020
05220613,28.79,28.79,,71.6,0.1,8.2,3.3,11.6,5.2,0,0,2020
05220614,31.29,31.29,,68.8,4,8.5,3,10.8,4.8,0,0,2020
05260084,10.29,10.29,,58.5,24,1.9,1,10.8,3.8,0,0,2020
05390010,55.95,55.95,,34,48.3,10.5,0.2,6.9,0.1,0,0,2020
06200007,65.6,65.6,,29.6,60,0.7,1.3,4.5,3.6,0.3,0,2020
07060008,507.42,507.42,,73.7,0,1.3,8.4,5.6,8.7,2.3,0,2020
07740003,140.91,140.91,,72.6,0,1.8,6.2,9.8,6.5,3.1,0,2020
01370003,426.19,426.19,,70.3,4.7,0.8,0.6,21.3,2.2,0,0,2020
01720001,6.86,6.86,,85.8,0,11,0.1,3,0,0.1,0,2020
02330077,1152.02,1152.02,,67.5,20,3.2,1.1,6.4,1.8,0,0,2020
02340045,60.86,60.86,,54,34.6,5.8,0.1,4,1.5,0,0,2020
02340147,43.58,43.58,,42.3,44.3,2.5,0.1,10.3,0.5,0,0,2020
02E60001,1.42,1.42,,22.9,34.5,6.3,0,35.6,0.7,0,0,2020
02I70001,25.21,25.21,,30.7,62.5,4.1,0.1,2.6,0,0,0,2020
03040209,99.9,99.9,,11.8,41.4,38.9,1.1,6.8,0.1,0,0,2020
03040322,16.68,16.68,,33.4,60.6,1.3,0.8,3.7,0.2,0,0,2020
03040323,63.18,85.86,EU,34.6,45.4,3.5,0.3,15.6,0.7,0,0,2020
03040324,24.44,100.55,EU,32.5,56,1.8,0.1,9.5,0.1,0,0,2020
03060003,90.15,90.15,,3,78.2,13.4,0.3,5,0,0,0,2020
03300001,24.29,24.29,,13.2,80.5,1.3,0,4.9,0.1,0,0,2020
03880001,5.31,5.31,,2.5,95.7,0.7,0,1.1,0,0,0,2020
04020110,41.15,41.15,,80.2,0.2,6.5,3.2,9.5,0.4,0,0,2020
04020337,61.19,61.19,,75.4,0.7,10,2.8,10.4,0.7,0,0,2020
04050015,408.15,408.15,,81.2,1.5,0.4,10.4,6.2,0.2,0,0,2020
04300505,0.29,0.29,,9.8,74.7,4.6,0.6,10.3,0,0,0,2020
04570002,38.99,38.99,,27.6,65.7,3,0.1,1.6,0.2,1.7,0,2020
05010065,10.22,10.22,,60.9,29.2,2.4,2.7,3.8,0.3,0.8,0,2020
05010595,20.09,20.09,,50.1,32.2,12.4,1.5,2.7,0.8,0.4,0,2020
05020002,47.73,47.73,,34.8,52.1,7.8,0.2,3.9,1.2,0,0,2020
05020003,72.91,72.91,,30,35.9,2.9,0.1,29.7,1.4,0,0,2020
05020007,6.28,6.28,,50.5,38.2,1.9,0.1,6.2,3,0,0,2020
05020008,50.4,50.4,,31.7,25.8,3.9,0.2,33.2,5.2,0,0,2020
05100006,0.32,0.32,,5.8,7.4,86.8,0,0,0,0,0,2020
05220010,118.35,118.35,,60.2,16.3,10.2,1.7,10,1.6,0,0,2020
05220491,169.29,169.29,,48.3,33.1,8.4,1.2,7.8,1.1,0,0,2020
05240023,114.1,114.1,,57.5,30,6.3,1.4,3.9,0.8,0,0,2020
05240024,123.81,123.81,,54.7,33.3,6.1,1.3,3.7,0.8,0,0,2020
05260074,2.29,2.29,,29.5,9.4,58.3,0.6,2.2,0,0,0,2020
05280018,1255.26,1255.26,,76.4,0.3,0.6,8.8,5.8,8,0.1,0,2020
05280082,79.2,79.2,,72.2,0.1,1.6,16.4,3.9,5.2,0.6,0,2020
05280083,141.74,141.74,,79.6,0.3,1.4,6.7,5.1,6.6,0.3,0,2020
07030006,456.01,456.01,,76.1,0.1,0.3,5.6,7.4,9.2,1.4,0,2020
01150059,3.11,3.11,,72.5,21.9,3.1,0,2.6,0,0,0,2020
02190020,487.38,487.38,,68.1,16.7,1.5,2.8,7.9,3,0,0,2020
02340041,378.04,378.77,EU,82,1.6,0.5,0.8,10.5,4.6,0,0,2020
02340153,13.68,13.68,,50.5,36.7,4.2,0.1,7.3,1.2,0,0,2020
03070003,92.29,92.29,,4,88.9,3.6,0.3,3.1,0.1,0,0,2020
03090158,27.8,101.9,EU,44.8,30.2,4.6,0.9,19.4,0,0,0,2020
03120003,33.44,33.44,,26.2,55.2,3.3,0.4,13.6,1.4,0,0,2020
03860002,10.05,10.05,,1.9,96.3,1.2,0.6,0,0,0,0,2020
04280003,2.87,2.87,,70.9,6.7,0.2,0.4,7.6,14.2,0,0,2020
04290009,0.73,0.73,,70,11.9,0.6,2.5,12.6,0,2.3,0,2020
04290010,9.99,9.99,,11.3,85.6,0.6,0.2,2.1,0,0.2,0,2020
04950003,7.4,7.4,,25.9,52.4,3.5,0.2,17.9,0,0,0,2020
05090093,5.73,5.73,,84.5,0.7,10.8,0.4,1.9,1.7,0,0,2020
05090094,1.74,1.74,,83.6,0,10.4,0,6,0,0,0,2020
05280003,1420.16,1420.16,,73.7,4.5,0.8,8,5.6,7.2,0.1,0,2020
05280084,1382.89,1382.89,,75,2.8,0.8,8.2,5.7,7.3,0.1,0,2020
05820001,6.12,6.12,,5.3,67.9,4.6,0,22.1,0,0,0,2020
05M10001,8.1,8.1,,3.2,67,2.1,0.1,25.7,2,0,0,2020
05M20001,3.33,3.33,,0.8,93,2.1,0,4,0,0,0,2020
07780002,78.34,78.34,,52.9,1.9,4.7,6.6,14.6,9.1,10,0,2020
07A40001,29.76,29.76,,65.8,0.3,7.9,1.8,9.7,9.7,4.8,0,2020
02340009,713.09,713.09,,65.4,8.1,3.6,0.9,19.2,2.7,0,0,2020
02340155,61.44,61.44,,9.6,36.3,1.9,0.1,45.6,6.6,0,0,2020
02400064,722.33,722.33,,59.6,20.8,8.7,2.6,6.5,1.8,0.1,0,2020
03010102,0.53,0.53,,16.9,74.1,2.6,6.4,0,0,0,0,2020
03030511,13.24,13.24,,15,70.6,11.3,0.8,2.2,0.2,0,0,2020
03040044,281.89,281.89,,74.6,7,3.6,2.5,11.6,0.7,0,0,2020
03040059,58.12,58.12,,40.8,35.4,1,0.2,21.3,1.3,0,0,2020
03040328,6.17,6.3,EU,51,33.3,6,3,6.7,0,0,0,2020
03060004,68.08,68.08,,2,90.2,5.3,0.3,2.1,0,0,0,2020
03090161,180.75,1048.61,EU,23.8,58.1,2.8,1,14.2,0.1,0,0,2020
03250001,20.15,20.15,,9.5,40.8,42.4,0.8,6.5,0,0,0,2020
03850003,0.68,0.68,,0,81.8,15.6,2.6,0,0,0,0,2020
04060222,1051.16,1051.16,,82,0.8,1,9.1,5.3,1.9,0,0,2020
05030189,5.6,5.6,,26.3,60,11.4,0.1,1.9,0.2,0,0,2020
05030190,7.6,7.6,,39,48,2.7,0,8.1,2.2,0,0,2020
05080051,233.47,233.47,,75.9,2.8,5.7,7.4,6.7,1.4,0,0,2020
05220126,36.18,36.18,,11.8,71.8,8.8,0.2,7.1,0.3,0,0,2020
05220629,1263.66,1263.66,,78.7,0.1,2.9,7,6.8,4.5,0.1,0,2020
05220639,1267.32,1267.32,,78.6,0.1,2.9,7,6.8,4.5,0.1,0,2020
05400007,20.54,20.54,,30.5,9.6,56.4,0.4,3.1,0,0,0,2020
06630001,22.28,22.28,,20.4,58.8,1.7,0,17.9,0.5,0.8,0,2020
06630002,7.23,7.23,,4.5,56.8,1.5,0,37.1,0.1,0,0,2020
07010009,208.52,208.52,,71.1,0.4,1.8,12.5,4.7,8.8,0.7,0,2020
02260019,0.79,0.79,,36.7,45.3,2.8,0,13.6,1.6,0,0,2020
02F10001,30.33,30.33,,16.9,59.1,9.4,0,14.4,0.2,0,0,2020
03030515,94.78,94.78,,3.2,85,4.2,0.4,6.8,0.4,0,0,2020
03040217,3.7,3.7,,17.6,70.7,0.6,0,11.2,0,0,0,2020
03040218,7.65,7.65,,5.3,87.7,3.5,0.9,2.6,0,0,0,2020
03040334,10.86,10.86,,8.6,36.2,51.6,1.9,1.6,0,0,0,2020
03200001,3.72,3.72,,16.1,78.1,1.2,0,4.6,0,0,0,2020
04010358,17.34,17.34,,58.1,0.4,34.5,3.4,3.6,0,0,0,2020
04010359,15.59,15.59,,64.1,0.4,27.9,3.6,4,0,0,0,2020
04010360,1.33,1.33,,41.4,0,56.7,0.3,1.6,0,0,0,2020
04010361,1.12,1.12,,18.1,0.1,80.5,0,1.3,0,0,0,2020
04010362,6.42,6.42,,64.1,0.1,24.3,9,2.6,0,0,0,2020
04010363,6.05,6.05,,67.1,0,20.7,9.4,2.8,0,0,0,2020
04060105,5215.74,5215.74,,75.2,2.7,0.9,8.3,7.1,5.8,0,0,2020
04670029,14.93,14.93,,6.2,83.4,3.1,0,7.3,0,0,0,2020
05260037,34.46,34.46,,19.6,76.1,2.9,0,0.9,0.6,0,0,2020
05400008,2.21,2.21,,12.3,8.3,79.2,0,0.2,0,0,0,2020
05400009,3.6,3.6,,8,6.2,85.6,0.1,0.1,0,0,0,2020
05630006,16.88,16.88,,38.4,57.2,2.4,0.1,1.8,0.1,0,0,2020
05E70001,1.14,1.14,,18.1,39,40.8,0,2,0,0,0,2020
05M10002,7.85,7.85,,3.3,66.1,2.1,0.1,26.4,2,0,0,2020
05M20003,2.01,2.01,,8.6,76.1,1.8,0,13.5,0,0,0,2020
05M20004,2.12,2.12,,1.3,91.3,1.1,0,6.3,0,0,0,2020
07040029,54.05,54.05,,72.7,0.1,3.3,8.6,6.1,4,5.3,0,2020
07A30001,27.34,27.34,,37.3,1.3,3.5,0.5,31.7,23.8,1.9,0,2020
02040040,24.74,24.74,,53.3,0,40.9,1,0.8,0.1,4,0,2020
02050002,69.01,69.01,,91.7,0.7,3.7,0.5,2.9,0.3,0.1,0,2020
02220010,57.48,57.48,,62.5,17.3,4.2,10.5,3.7,1.8,0,0,2020
02340157,109.28,109.58,EU,80.7,0.1,0.3,5.7,11.5,1.7,0,0,2020
02340158,264.14,264.41,EU,85.9,2.5,1.2,0.6,5.7,3.7,0.3,0,2020
03010159,218.21,218.21,,65.1,16,1.1,2.4,10.3,5.1,0,0,2020
03040069,48.97,48.97,,24.8,54,2.5,0.1,17.3,1.3,0,0,2020
03040117,124.77,125.8,EU,17.9,61.5,4.9,0.2,14.8,0.6,0,0,2020
03040171,15.97,15.97,,40,29.1,0.6,0,27.7,2.6,0,0,2020
03040330,10.71,10.71,,1.2,95.5,2,0.1,1.2,0,0,0,2020
03040331,10.32,10.32,,1.3,95.3,2,0.1,1.2,0,0,0,2020
03040336,17.12,17.12,,21.3,64.1,3.3,0.2,11.1,0,0,0,2020
03070005,42.66,42.66,,1,92,3,0.5,3.5,0,0,0,2020
03090066,74.61,74.61,,37.2,37.9,4,0.9,18.2,1,0.8,0,2020
03110012,181.65,181.65,,8.3,79.7,2.7,0.6,8.5,0.2,0,0,2020
03130001,0.04,973.86,EU,2.1,44.2,21.7,29.6,0.9,1.5,0,0,2020
04060231,57.25,57.25,,71.7,18.3,2.3,2.8,4.5,0.3,0.1,0,2020
04280004,102.07,102.07,,56.2,31.6,1.9,0.5,6,2.3,1.4,0,2020
04620005,70.04,497.38,ON,30.2,57.3,6.3,1,4.9,0.2,0,0,2020
04860003,111.83,111.83,,71.9,0,3.2,13.5,11,0.2,0.1,0,2020
05040258,13.05,13.05,,29.5,45.6,2.8,0.2,14.2,7.7,0,0,2020
05050005,13.98,13.98,,14.5,38.4,8.9,0.1,37.3,0.8,0,0,2020
05050006,13.72,13.72,,14.8,37.9,8.4,0.1,38.1,0.8,0,0,2020
05050007,5.42,5.42,,27.6,15.4,42.5,2.3,11.7,0.5,0,0,2020
05050008,14.36,14.36,,14.1,39.4,9.3,0.1,36.4,0.7,0,0,2020
05050009,1.3,1.3,,45.8,23,4.6,0,24.5,2.1,0,0,2020
05050010,3.84,3.84,,22.8,10.5,55.4,3.3,8,0,0,0,2020
05050011,3.79,3.79,,22.9,9.9,56,3.1,8.1,0,0,0,2020
05050012,10.01,10.01,,11,28.1,10.4,0.1,49.4,1.1,0,0,2020
05050013,9.77,9.77,,10.9,28,9.4,0.1,50.6,1.1,0,0,2020
05050014,8.8,8.8,,12,26.1,4.5,0.1,56.2,1.2,0,0,2020
05050015,5.66,5.66,,10.3,26.8,4.3,0,57.2,1.3,0,0,2020
05050016,0.86,0.86,,25.7,18,3.6,0,51.8,1,0,0,2020
05050018,0.6,0.6,,13.7,42.4,4.1,0,37,2.8,0,0,2020
05050019,3.89,3.89,,22.6,10.9,55.4,3.3,7.9,0,0,0,2020
05080136,1.2,1.2,,4.5,81.3,13.7,0,0.5,0,0,0,2020
05220007,544.8,544.8,,58,19.1,9.6,4,8.7,0.6,0,0,2020
05220598,2.21,2.21,,79.6,16.6,1.6,0.8,0,1.4,0,0,2020
05220649,0.99,0.99,,92.5,0,2.6,1.9,0,3,0,0,2020
05220652,345.82,345.82,,80.8,1.4,2.5,5.7,4.4,4.8,0.6,0,2020
05220653,30.34,30.34,,87.2,1.5,2.3,3.2,3.2,2.5,0,0,2020
05240030,4.74,4.74,,83.5,1.4,2,2.7,10.3,0.2,0,0,2020
05250005,106,106,,71.5,8.8,3,1.8,12.1,2.3,0.4,0,2020
05310001,14.3,14.3,,21.8,4.4,68.3,0,4.4,1,0,0,2020
05310002,11.38,11.38,,26.1,4.5,62.7,0,5.4,1.2,0,0,2020
05310003,1.37,1.37,,42.6,2.9,31.9,0,20.3,2.3,0,0,2020
05350002,41.32,41.32,,24.1,41.2,4.9,0.4,28.4,1.1,0,0,2020
05350003,17.95,17.95,,13.7,29.9,4.8,0.6,49.1,1.9,0,0,2020
05550003,0.07,0.07,,7.6,90,2.4,0,0,0,0,0,2020
05550004,0.59,0.59,,6.8,66.2,18.7,7.4,0.8,0,0,0,2020
06190104,59,59,,33.9,54.9,1.4,0.6,4.5,3,1.7,0,2020
06670007,29.29,29.29,,61.2,19.3,5.3,1.2,10,3.1,0,0,2020
06670018,0.49,0.49,,72.8,0,0,5,13.1,9.1,0,0,2020
07070086,18138.8,18138.8,,55.8,0,0.2,13.5,9.2,18.5,2.9,0,2020
08A10024,280.04,280.04,,35.4,3.8,0.5,1.4,47.4,11.3,0.1,0,2020
02340114,34.62,34.62,,93.3,2.2,1,0.3,1.6,1.6,0,0,2020
02340167,215.19,215.43,EU,76.8,12.5,1.1,0.2,5,4.4,0,0,2020
02400097,150.14,150.14,,25.2,24.7,6.3,0.3,41.2,2.2,0,0,2020
02I10003,2.15,2.15,,50.8,42.7,0.9,2,0.3,3.2,0,0,2020
03010037,427.11,427.11,,60.4,26.7,1.4,1.5,6.5,3.5,0,0,2020
03010039,141.28,141.28,,26.1,65.3,2,0.3,4.8,1.6,0,0,2020
03040114,8.03,8.03,,58.7,26.1,1.5,0.3,11.1,2.2,0,0,2020
03150003,70.95,70.95,,11,80.9,3,0.1,5,0.1,0,0,2020
04290011,0.09,0.09,,100,0,0,0,0,0,0,0,2020
05010659,32033.04,32033.04,,62.2,0.1,0.3,12.2,11.3,13.4,0.4,0,2020
05040259,52.47,52.47,,46,23.4,2.2,1,18.5,8.9,0,0,2020
05080137,2.49,2.49,,87.6,0.3,3.7,7.3,1,0,0,0,2020
05090096,4.85,4.85,,60,12.8,12.6,0.1,12.3,2.2,0,0,2020
05090097,12.6,12.6,,41.7,17.3,26.7,0.1,13.2,1,0,0,2020
02340049,13.35,13.35,,37.1,53.1,9.4,0,0.3,0.1,0,0,2020
02360008,8.96,8.96,,3.5,78.3,8.4,0,9.7,0.1,0,0,2020
03010160,533.84,533.84,,54.3,30.6,4,1.3,6.8,3,0,0,2020
03040054,41.26,41.26,,62,24.4,2.9,3.2,6.7,0.9,0,0,2020
03040289,106.68,106.68,,15.3,57.8,22.9,0.2,3.6,0.1,0,0,2020
03070010,155.25,155.25,,3.9,83.7,8.8,0.3,3.2,0.1,0,0,2020
05080121,19.24,19.24,,16.9,65.4,3.5,0,13.2,1.1,0,0,2020
02340224,18.17,18.17,,51.1,31.8,4.1,0.1,11,1.9,0,0,2020
05090015,60.77,60.77,,38.3,5,49.2,0.9,6.5,0.1,0,0,2020
00000182,1.18,1.18,,0.9,1.5,95.8,0,1.8,0,0,0,2020
04620004,0,313.14,ON,,,,,,,,,
